,Planet Name,Host Star of Planet,Num Stars,Num Planets,Discovery Method,Discovery Year,Discovery Facility,Orbital Period in Days,Orbit Semi-Major Axis,Mass,Eccentricity,Spectral Type,Stellar Effective Temperature,Stellar Radius,Stellar Mass,Stellar Metallicity,Stellar Metallicity Ratio,Stellar Surface Gravity,Distance,Gaia Magnitude
0,11 Com b,11 Com,2,1,Radial Velocity,2007,Xinglong Station,326.03,1.29,6165.6,0.231,G8 III,4742.0,19.0,2.7,-0.35,[Fe/H],2.31,93.1846,4.44038
2,14 And b,14 And,1,1,Radial Velocity,2008,Okayama Astrophysical Observatory,185.84,0.83,1525.5,0.0,K0 III,4813.0,11.0,2.2,-0.24,[Fe/H],2.63,75.4392,4.91781
5,17 Sco b,17 Sco,1,1,Radial Velocity,2020,Lick Observatory,578.38,1.45,1373.01872,0.06,K3 III,4157.0,25.92,1.22,-0.01,[Fe/H],1.7,124.953,4.75429
6,18 Del b,18 Del,2,1,Radial Velocity,2008,Okayama Astrophysical Observatory,993.3,2.6,3273.5,0.08,G6 III,4979.0,8.5,2.3,-0.052,[Fe/H],2.82,76.222,5.27476
8,24 Boo b,24 Boo,1,1,Radial Velocity,2018,Okayama Astrophysical Observatory,30.3506,0.19,289.2253,0.042,G3 IV,4893.0,10.64,0.99,-0.77,[Fe/H],2.42,95.9863,5.3339
20,4 UMa b,4 UMa,1,1,Radial Velocity,2006,Thueringer Landessternwarte Tautenburg,269.3,0.87,2256.5,0.432,K1 III,4415.0,18.11,1.23,-0.25,[Fe/H],1.8,73.4603,4.23773
21,42 Dra b,42 Dra,2,1,Radial Velocity,2008,Thueringer Landessternwarte Tautenburg,479.1,1.19,1233.13,0.38,K1.5 III,4200.0,22.03,0.98,-0.46,[Fe/H],1.71,90.6545,4.43216
33,61 Vir b,61 Vir,1,3,Radial Velocity,2009,Multiple Observatories,4.215,0.050201,5.1,0.12,G5 V,5577.0,0.96,0.94,-0.01,[Fe/H],4.34,8.50332,4.54052
34,61 Vir c,61 Vir,1,3,Radial Velocity,2009,Multiple Observatories,38.021,0.2175,18.2,0.14,G5 V,5577.0,0.96,0.94,-0.01,[Fe/H],4.34,8.50332,4.54052
35,61 Vir d,61 Vir,1,3,Radial Velocity,2009,Multiple Observatories,123.01,0.476,22.9,0.35,G5 V,5577.0,0.96,0.94,-0.01,[Fe/H],4.34,8.50332,4.54052
39,75 Cet b,75 Cet,2,1,Radial Velocity,2012,Okayama Astrophysical Observatory,691.9,2.1,953.49,0.117,G3 III,4846.0,10.5,2.49,0.0,[Fe/H],2.63,82.9613,5.09343
41,81 Cet b,81 Cet,1,1,Radial Velocity,2008,Okayama Astrophysical Observatory,952.7,2.5,1684.4,0.206,G5 III,4785.0,11.0,2.4,-0.06,[Fe/H],2.35,101.26,5.37588
42,91 Aqr b,91 Aqr,3,1,Radial Velocity,2013,Lick Observatory,181.4,0.7,1017.0,0.027,K0 III,4665.0,11.0,1.4,-0.03,[Fe/H],2.52,44.0304,3.95311
49,BD+15 2940 b,BD+15 2940,1,1,Radial Velocity,2013,McDonald Observatory,137.48,0.539,352.78,0.26,K0,4796.0,14.7,1.1,0.28,[Fe/H],2.8,426.42,8.7178
51,BD+20 2457 c,BD+20 2457,1,2,Radial Velocity,2009,McDonald Observatory,621.99,2.01,3963.17,0.18,K2 II,4137.0,49.0,2.8,-1.0,[Fe/H],1.51,1539.71,9.22684
52,BD+20 274 b,BD+20 274,1,1,Radial Velocity,2012,McDonald Observatory,578.2,1.3,1334.886,0.21,K5 III,4296.0,17.3,0.8,-0.46,[Fe/H],1.99,1322.51,8.91613
55,BD+48 738 b,BD+48 738,1,1,Radial Velocity,2011,McDonald Observatory,392.6,1.0,289.2253,0.2,K0 III,4414.0,11.0,0.74,-0.2,[Fe/H],2.24,871.493,8.65569
57,BD+49 828 b,BD+49 828,1,1,Radial Velocity,2015,McDonald Observatory,2590.0,4.2,508.5,0.35,K0,4943.0,7.6,1.52,-0.19,[Fe/H],2.85,442.042,9.02851
69,BD-17 63 b,BD-17 63,1,1,Radial Velocity,2008,La Silla Observatory,655.6,1.34,1620.9,0.54,K5 V,4714.0,0.69,0.74,-0.03,[Fe/H],4.26,34.4603,9.20112
78,CoRoT-10 b,CoRoT-10,1,1,Transit,2010,CoRoT,13.2406,0.1055,874.0,0.53,K1 V,5075.0,0.79,0.89,0.26,[Fe/H],4.65,338.386,14.6645
79,CoRoT-11 b,CoRoT-11,1,1,Transit,2010,CoRoT,2.99433,0.0436,740.51,0.0,F6 V,6440.0,1.37,1.27,-0.03,[Fe/H],4.22,655.037,12.841
81,CoRoT-13 b,CoRoT-13,1,1,Transit,2010,CoRoT,4.03519,0.051,415.704,0.0,G0 V,5945.0,1.01,1.09,0.01,[Fe/H],4.46,1148.93,14.9147
82,CoRoT-14 b,CoRoT-14,1,1,Transit,2010,CoRoT,1.51214,0.027,2415.4,0.0,F9 V,6035.0,1.21,1.13,0.05,[Fe/H],4.35,1744.6,15.8116
83,CoRoT-16 b,CoRoT-16,1,1,Transit,2011,CoRoT,5.35227,0.0618,170.032,0.33,G5 V,5650.0,1.19,1.1,0.19,[M/H],4.36,732.409,15.6507
84,CoRoT-17 b,CoRoT-17,1,1,Transit,2011,CoRoT,3.7681,0.0461,772.29,0.0,G2 V,5740.0,1.59,1.04,0.0,[Fe/H],4.4,1176.12,15.4368
85,CoRoT-18 b,CoRoT-18,1,1,Transit,2011,CoRoT,1.9000693,0.0295,1102.82,0.08,G9 V,5440.0,1.0,0.95,-0.1,[Fe/H],4.4,764.889,14.8009
86,CoRoT-19 b,CoRoT-19,1,1,Transit,2011,CoRoT,3.89713,0.0518,352.78,0.047,F9 V,6090.0,1.65,1.21,-0.02,[Fe/H],4.07,790.663,13.7831
91,CoRoT-22 b,CoRoT-22,1,1,Transit,2014,CoRoT,9.75598,0.092,12.2,0.077,G3 V,5939.0,1.14,1.1,0.17,[Fe/H],4.36,627.158,13.7305
92,CoRoT-23 b,CoRoT-23,1,1,Transit,2011,CoRoT,3.6313,0.048,889.9,0.16,G0 V,5900.0,1.61,1.14,0.05,[Fe/H],4.3,1060.97,15.0681
93,CoRoT-24 b,CoRoT-24,1,2,Transit,2014,CoRoT,5.1134,0.056,5.7,0.0,K1 V,4950.0,0.86,0.91,0.3,[Fe/H],4.55,591.555,15.1801
94,CoRoT-24 c,CoRoT-24,1,2,Transit,2014,CoRoT,11.759,0.098,28.0,0.0,K1 V,4950.0,0.86,0.91,0.3,[Fe/H],4.55,591.555,15.1801
95,CoRoT-25 b,CoRoT-25,1,1,Transit,2013,CoRoT,4.86069,0.0578,85.81,0.0,F9,6040.0,1.19,1.09,-0.01,[Fe/H],4.31,1103.48,14.711
96,CoRoT-26 b,CoRoT-26,1,1,Transit,2013,CoRoT,4.20474,0.0526,165.26,0.0,G5,5590.0,1.79,1.09,0.01,[Fe/H],3.99,1045.18,15.4682
97,CoRoT-27 b,CoRoT-27,1,1,Transit,2014,CoRoT,3.57532,0.0476,3302.11,0.065,G2,5900.0,1.08,1.05,-0.1,[M/H],4.4,1010.28,15.3902
98,CoRoT-28 b,CoRoT-28,1,1,Transit,2015,CoRoT,5.20851,0.0603,153.82972,0.047,G8/9 IV,5150.0,1.78,1.01,0.15,[Fe/H],3.6,766.183,13.4119
99,CoRoT-29 b,CoRoT-29,1,1,Transit,2015,CoRoT,2.85057,0.0386,270.1555,0.082,K0 V,5260.0,0.9,0.97,0.2,[Fe/H],4.3,806.507,15.2394
101,CoRoT-30 b,CoRoT-30,1,1,Transit,2020,CoRoT,9.06005,0.0844,921.707,0.007,G3 V,5650.0,0.91,0.98,0.02,[Fe/H],4.4,1032.23,15.413
102,CoRoT-31 b,CoRoT-31,1,1,Transit,2020,CoRoT,4.62941,0.0586,266.9772,0.02,G2 IV,5700.0,2.15,1.25,0.0,[Fe/H],3.85,2005.76,15.4655
104,CoRoT-5 b,CoRoT-5,1,1,Transit,2009,CoRoT,4.0378962,0.04947,148.42,0.09,F9 V,6100.0,1.19,1.0,-0.25,[M/H],4.19,882.472,13.9021
105,CoRoT-6 b,CoRoT-6,1,1,Transit,2009,CoRoT,8.886593,0.0855,940.74,0.1,F9 V,6090.0,1.02,1.05,-0.2,[Fe/H],4.43,645.294,13.7459
108,CoRoT-8 b,CoRoT-8,1,1,Transit,2010,CoRoT,6.21229,0.063,69.92,0.0,K1 V,5080.0,0.77,0.88,0.3,[M/H],4.58,322.037,14.2195
160,EPIC 249893012 b,EPIC 249893012,1,3,Transit,2020,K2,3.5951,0.047,8.75,0.06,G8 IV/V,5430.0,1.71,1.05,0.2,[Fe/H],3.99,321.296,11.4019
161,EPIC 249893012 c,EPIC 249893012,1,3,Transit,2020,K2,15.624,0.13,14.67,0.07,G8 IV/V,5430.0,1.71,1.05,0.2,[Fe/H],3.99,321.296,11.4019
162,EPIC 249893012 d,EPIC 249893012,1,3,Transit,2020,K2,35.747,0.22,10.18,0.15,G8 IV/V,5430.0,1.71,1.05,0.2,[Fe/H],3.99,321.296,11.4019
175,GJ 1214 b,GJ 1214,1,1,Transit,2009,MEarth Project,1.58040433,0.0149,8.17,0.063,M4 V,3250.0,0.21,0.18,0.29,[Fe/H],5.03,14.6427,13.0089
177,GJ 1265 b,GJ 1265,1,1,Radial Velocity,2018,Calar Alto Observatory,3.6511,0.026,7.4,0.04,M4.5 V,3236.0,0.19,0.18,-0.04,[Fe/H],5.09,10.2525,12.0807
178,GJ 143 b,GJ 143,1,2,Transit,2019,Transiting Exoplanet Survey Satellite (TESS),35.61253,0.1915,22.7,0.188,K4.5,4640.0,0.69,0.73,0.003,[Fe/H],4.61,16.32,7.67906
179,GJ 15 A b,GJ 15 A,2,2,Radial Velocity,2014,W. M. Keck Observatory,11.4407,0.072,3.03,0.094,M1,3607.0,0.38,0.38,-0.34,[Fe/H],4.87,3.56228,7.2162
180,GJ 15 A c,GJ 15 A,2,2,Radial Velocity,2018,Roque de los Muchachos Observatory,7600.0,5.4,36.0,0.27,M1,3607.0,0.38,0.38,-0.34,[Fe/H],4.87,3.56228,7.2162
185,GJ 179 b,GJ 179,1,1,Radial Velocity,2009,W. M. Keck Observatory,2288.0,2.41,260.61,0.21,M3.5 V,3370.0,0.38,0.36,0.3,[Fe/H],4.83,12.356,10.7055
192,GJ 251 b,GJ 251,1,1,Radial Velocity,2020,W. M. Keck Observatory,14.238,0.0818,4.0,0.1,M3.0 V,3451.0,0.36,0.36,-0.03,[Fe/H],4.96,5.58057,8.85518
196,GJ 3021 b,GJ 3021,2,1,Radial Velocity,2000,La Silla Observatory,133.71,0.49,1071.04,0.511,G6 V,5540.0,0.9,0.9,0.1,[Fe/H],4.7,17.5559,6.39729
211,GJ 338 B b,GJ 338 B,2,1,Radial Velocity,2020,Calar Alto Observatory,24.45,0.141,10.27,0.11,M0.0 V,4005.0,0.58,0.64,-0.03,[Fe/H],4.68,6.33256,7.04775
220,GJ 3779 b,GJ 3779,1,1,Radial Velocity,2018,Calar Alto Observatory,3.0232,0.026,8.0,0.07,M4.0 V,3324.0,0.28,0.27,0.0,[Fe/H],5.05,13.743,11.6266
222,GJ 3942 b,GJ 3942,1,1,Radial Velocity,2017,Roque de los Muchachos Observatory,6.905,0.0608,7.14,0.121,M0,3867.0,0.61,0.63,-0.04,[Fe/H],4.65,16.9287,9.40765
223,GJ 3998 b,GJ 3998,1,2,Radial Velocity,2016,Roque de los Muchachos Observatory,2.64977,0.029,2.47,0.0,M1,3722.0,0.49,0.5,-0.16,[Fe/H],4.77,18.1459,9.98337
224,GJ 3998 c,GJ 3998,1,2,Radial Velocity,2016,Roque de los Muchachos Observatory,13.74,0.089,6.26,0.049,M1,3722.0,0.49,0.5,-0.16,[Fe/H],4.77,18.1459,9.98337
226,GJ 414 A b,GJ 414 A,2,2,Radial Velocity,2021,W. M. Keck Observatory,50.8,0.2324,7.6,0.45,K7 V,4120.0,0.68,0.65,0.24,[Fe/H],4.65,11.8893,7.72808
227,GJ 414 A c,GJ 414 A,2,2,Radial Velocity,2021,W. M. Keck Observatory,749.83,1.4,53.83,0.105,K7 V,4120.0,0.68,0.65,0.24,[Fe/H],4.65,11.8893,7.72808
229,GJ 4276 b,GJ 4276,1,1,Radial Velocity,2019,Calar Alto Observatory,13.352,0.082,16.57,0.37,M4.0,3387.0,0.41,0.41,0.12,[Fe/H],4.97,21.3362,11.6605
237,GJ 536 b,GJ 536,1,1,Radial Velocity,2016,La Silla Observatory,8.7076,0.06661,5.36,0.08,M1 V,3685.0,0.5,0.52,-0.08,[Fe/H],4.75,10.4092,8.85881
241,GJ 625 b,GJ 625,1,1,Radial Velocity,2017,Multiple Observatories,14.628,0.078361,2.82,0.13,M2,3499.0,0.31,0.3,-0.38,[Fe/H],4.94,6.47249,9.13702
255,GJ 685 b,GJ 685,1,1,Radial Velocity,2019,Qatar,24.16,0.1344,9.0,0.0,M0.5,3816.0,0.54,0.55,-0.15,[Fe/H],4.72,14.3155,9.1671
258,GJ 720 A b,GJ 720 A,2,1,Radial Velocity,2021,Roque de los Muchachos Observatory,19.466,0.119,13.64,0.12,M0.5 V,3837.0,0.56,0.57,-0.14,[Fe/H],4.71,15.5575,9.10496
259,GJ 740 b,GJ 740,1,1,Radial Velocity,2021,Multiple Observatories,2.37756,0.029,2.96,0.24,M1.0 V,3913.0,0.56,0.58,0.08,[Fe/H],4.68,11.1017,8.45636
274,GJ 9689 b,GJ 9689,1,1,Radial Velocity,2020,Roque de los Muchachos Observatory,18.27,0.1139,9.65,0.29,M0.5,3836.0,0.57,0.59,0.05,[Fe/H],4.69,30.6203,10.5372
278,GPX-1 b,GPX-1,1,1,Transit,2021,Acton Sky Portal Observatory,1.744579,0.0338,6261.21962,0.0,F2,7000.0,1.56,1.68,0.35,[Fe/H],4.27,655.013,12.2228
283,Gl 49 b,Gl 49,2,1,Radial Velocity,2019,Multiple Observatories,13.8508,0.0905,5.63,0.363,M1.5 V,3805.0,0.51,0.52,0.13,[Fe/H],4.69,9.8528,8.66282
288,HAT-P-12 b,HAT-P-12,1,1,Transit,2009,HATNet,3.2130598,0.0384,67.059,0.0,K4,4650.0,0.7,0.73,-0.29,[Fe/H],4.61,142.751,12.4197
293,HAT-P-16 b,HAT-P-16,3,1,Transit,2010,HATNet,2.77596,0.0413,1332.605,0.036,F8,6158.0,1.24,1.22,0.17,[Fe/H],4.34,226.637,10.7568
296,HAT-P-18 b,HAT-P-18,1,1,Transit,2010,HATNet,5.508023,0.0559,62.61,0.084,K2,4803.0,0.75,0.77,0.1,[Fe/H],4.57,161.4,12.3682
297,HAT-P-19 b,HAT-P-19,1,1,Transit,2010,HATNet,4.008778,0.0466,92.802,0.067,K1,4990.0,0.82,0.84,0.23,[Fe/H],4.54,202.078,12.5567
299,HAT-P-20 b,HAT-P-20,1,1,Transit,2010,HATNet,2.875317,0.0361,2302.899,0.015,K3,4595.0,0.69,0.76,0.35,[Fe/H],4.63,71.0374,10.9903
307,HAT-P-28 b,HAT-P-28,1,1,Transit,2011,HATNet,3.257215,0.0434,198.953,0.051,G3,5680.0,1.1,1.02,0.12,[Fe/H],4.36,401.319,12.8718
347,HAT-P-65 b,HAT-P-65,1,1,Transit,2016,HATNet,2.6054552,0.03951,167.49641,0.304,G2,5835.0,1.86,1.21,0.1,[Fe/H],3.98,738.519,12.9952
348,HAT-P-66 b,HAT-P-66,1,1,Transit,2016,HATNet,2.972086,0.04363,248.86089,0.09,G0,6002.0,1.88,1.25,0.035,[Fe/H],3.99,935.456,12.8922
350,HAT-P-68 b,HAT-P-68,1,1,Transit,2020,HATNet,2.29840551,0.02996,230.10892,0.041,K,4508.0,0.67,0.68,-0.059,[Fe/H],4.62,202.152,13.5442
362,HATS-15 b,HATS-15,1,1,Transit,2016,HATSouth,1.74748753,0.02712,689.6911,0.126,G9 V,5311.0,0.92,0.87,0.0,[Fe/H],4.45,1139.55,14.6473
363,HATS-16 b,HATS-16,1,1,Transit,2016,HATSouth,2.686502,0.03744,1039.3041,0.0,G3 V,5738.0,1.24,0.97,-0.1,[Fe/H],4.24,757.044,13.6864
364,HATS-17 b,HATS-17,1,1,Transit,2016,HATSouth,16.254611,0.1308,425.25654,0.029,G V,5846.0,1.09,1.13,0.3,[Fe/H],4.42,400.331,12.2179
366,HATS-2 b,HATS-2,1,1,Transit,2013,HATSouth,1.354133,0.023,427.463,0.0,K,5227.0,0.9,0.88,0.15,[Fe/H],4.48,341.925,13.3419
367,HATS-22 b,HATS-22,1,1,Transit,2017,HATSouth,4.7228124,0.05025,870.8542,0.079,K V,4803.0,0.69,0.76,0.0,[Fe/H],4.64,229.518,13.1225
368,HATS-23 b,HATS-23,1,1,Transit,2017,HATSouth,2.1605156,0.03397,467.2101,0.114,G V,5780.0,1.2,1.12,0.28,[Fe/H],4.33,639.004,13.752
370,HATS-25 b,HATS-25,1,1,Transit,2016,HATSouth,4.2986432,0.05163,194.82979,0.176,G,5715.0,1.11,0.99,0.02,[Fe/H],4.35,471.158,12.9353
371,HATS-26 b,HATS-26,1,1,Transit,2016,HATSouth,3.3023881,0.04735,206.5895,0.245,F,6071.0,2.04,1.3,-0.02,[Fe/H],3.94,861.843,12.8431
372,HATS-27 b,HATS-27,1,1,Transit,2016,HATSouth,4.637038,0.0611,168.4499,0.581,F,6438.0,1.74,1.42,0.09,[Fe/H],4.11,816.988,12.6792
373,HATS-28 b,HATS-28,1,1,Transit,2016,HATSouth,3.1810781,0.04131,213.58176,0.202,G,5498.0,0.92,0.93,0.01,[Fe/H],4.48,535.383,13.7929
374,HATS-29 b,HATS-29,1,1,Transit,2016,HATSouth,4.6058749,0.05475,207.54299,0.158,G,5670.0,1.07,1.03,0.16,[Fe/H],4.39,353.891,12.4594
375,HATS-3 b,HATS-3,1,1,Transit,2013,HATSouth,3.547851,0.0485,340.382,0.0,F,6351.0,1.4,1.21,-0.157,[Fe/H],4.22,411.211,11.8914
376,HATS-30 b,HATS-30,2,1,Transit,2016,HATSouth,3.1743516,0.04354,224.38798,0.096,G,5943.0,1.06,1.09,0.06,[Fe/H],4.42,342.14,12.0815
386,HATS-4 b,HATS-4,1,1,Transit,2014,HATSouth,2.516729,0.0362,420.471,0.013,G,5403.0,0.93,1.0,0.43,[Fe/H],4.51,416.459,13.2862
397,HATS-5 b,HATS-5,1,1,Transit,2014,HATSouth,4.763387,0.0542,75.323,0.019,G,5304.0,0.87,0.94,0.19,[Fe/H],4.53,246.384,12.4288
409,HATS-6 b,HATS-6,1,1,Transit,2015,HATSouth,3.3252725,0.03623,101.38777,0.0,M1 V,3724.0,0.57,0.57,0.2,[Fe/H],4.68,169.318,14.3601
420,HATS-7 b,HATS-7,1,1,Transit,2015,HATSouth,3.185315,0.04012,38.1396,0.17,K2,4985.0,0.81,0.85,0.25,[Fe/H],4.54,240.707,13.0499
422,HATS-71 b,HATS-71,1,1,Transit,2020,HATSouth,3.7955202,0.03745,117.5971,0.0,M3 V,3405.0,0.48,0.49,0.17,[Fe/H],4.77,140.225,15.3512
445,HD 103720 b,HD 103720,1,1,Radial Velocity,2014,La Silla Observatory,4.5557,0.0498,197.046,0.086,K3 V,5017.0,0.73,0.79,-0.02,[Fe/H],4.43,45.5352,9.22376
450,HD 104985 b,HD 104985,1,1,Radial Velocity,2003,Okayama Astrophysical Observatory,199.505,0.95,2637.9,0.09,G9 III,4877.0,11.0,2.3,-0.15,[Fe/H],2.85,100.576,5.49698
453,HD 106315 b,HD 106315,1,2,Transit,2017,K2,9.55237,0.0907,12.6,0.093,F5 V,6327.0,1.3,1.09,-0.311,[Fe/H],4.25,109.353,8.88841
454,HD 106315 c,HD 106315,1,2,Transit,2017,K2,21.05704,0.1536,15.2,0.22,F5 V,6327.0,1.3,1.09,-0.311,[Fe/H],4.25,109.353,8.88841
455,HD 10647 b,HD 10647,1,1,Radial Velocity,2006,W. M. Keck Observatory,989.2,2.015,298.75,0.15,F9 V,6218.0,1.1,1.11,0.0,[Fe/H],4.62,17.3357,5.38178
456,HD 106515 A b,HD 106515 A,2,1,Radial Velocity,2012,La Silla Observatory,3630.0,4.59,3054.22,0.572,G5,5362.0,1.62,0.97,0.03,[Fe/H],4.41,34.0915,7.7777
467,HD 108341 b,HD 108341,2,1,Radial Velocity,2014,La Silla Observatory,1129.0,2.0,1112.4,0.85,K2 V,5122.0,0.79,0.84,0.04,[Fe/H],4.45,48.9102,9.14337
474,HD 109286 b,HD 109286,1,1,Radial Velocity,2021,Haute-Provence Observatory,520.1,1.259,950.30694,0.338,G4 V,5694.0,1.09,0.98,0.05,[Fe/H],4.44,55.4156,8.61599
476,HD 110014 b,HD 110014,1,1,Radial Velocity,2009,La Silla Observatory,835.477,2.14,3524.59,0.462,K2 III,4445.0,20.9,2.17,0.19,[Fe/H],2.1,100.758,4.31048
478,HD 110113 b,HD 110113,1,2,Transit,2021,Transiting Exoplanet Survey Satellite (TESS),2.541,0.035,4.55,0.093,G,5732.0,0.97,1.0,0.14,[Fe/H],4.46,106.307,9.91036
479,HD 110113 c,HD 110113,1,2,Radial Velocity,2021,La Silla Observatory,6.744,0.068,10.5,0.045,G,5732.0,0.97,1.0,0.14,[Fe/H],4.46,106.307,9.91036
482,HD 111998 b,HD 111998,1,1,Radial Velocity,2016,La Silla Observatory,825.9,1.82,1433.4133,0.03,F5 V,6557.0,1.45,1.18,0.07,[Fe/H],4.19,33.2237,5.99548
483,HD 112640 b,HD 112640,1,1,Radial Velocity,2020,Bohyunsan Optical Astronomical Observatory,613.2,1.7,1589.15,0.24,K0 III,4155.0,39.0,1.8,-0.09,[Fe/H],1.7,323.335,6.07664
484,HD 113337 b,HD 113337,1,1,Radial Velocity,2013,Haute-Provence Observatory,324.0,0.92,899.42,0.46,F6 V,6576.6,1.5,1.4,0.07,[Fe/H],4.21,36.18,5.91168
485,HD 113538 b,HD 113538,1,2,Radial Velocity,2010,La Silla Observatory,663.2,1.24,114.41,0.14,K9 V,4462.0,0.53,0.58,-0.24,[Fe/H],3.79,16.2817,8.4428
486,HD 113538 c,HD 113538,1,2,Radial Velocity,2010,La Silla Observatory,1818.0,2.44,295.57,0.2,K9 V,4462.0,0.53,0.58,-0.24,[Fe/H],3.79,16.2817,8.4428
496,HD 115954 b,HD 115954,1,1,Radial Velocity,2021,Haute-Provence Observatory,3700.0,5.0,2634.79749,0.487,G0 V,5957.0,1.21,1.18,0.34,[Fe/H],4.15,87.6437,8.18736
506,HD 120084 b,HD 120084,1,1,Radial Velocity,2013,Okayama Astrophysical Observatory,2082.0,4.3,1430.2,0.66,G7 III,4892.0,9.12,2.39,0.09,[Fe/H],2.71,103.044,5.65211
522,HD 128356 b,HD 128356,1,1,Radial Velocity,2016,Multiple Observatories,298.2,0.87,282.8687,0.57,K3 V,4875.0,0.85,0.65,0.17,[Fe/H],4.52,26.1548,7.97745
544,HD 137496 b,HD 137496,1,2,Transit,2021,K2,1.62116,0.02732,4.04,0.0,G,5799.0,1.59,1.04,-0.03,[Fe/H],4.05,155.317,9.77168
545,HD 137496 c,HD 137496,1,2,Radial Velocity,2021,Multiple Observatories,479.9,1.2163,2434.5656,0.477,G,5799.0,1.59,1.04,-0.03,[Fe/H],4.05,155.317,9.77168
548,HD 13908 b,HD 13908,1,2,Radial Velocity,2013,Haute-Provence Observatory,19.382,0.154,274.91,0.02,F8 V,6255.0,1.67,1.29,0.01,[Fe/H],4.11,79.5515,7.3845
549,HD 13908 c,HD 13908,1,2,Radial Velocity,2013,Haute-Provence Observatory,931.0,2.03,1630.4,0.12,F8 V,6255.0,1.67,1.29,0.01,[Fe/H],4.11,79.5515,7.3845
553,HD 14067 b,HD 14067,1,1,Radial Velocity,2014,Okayama Astrophysical Observatory,1455.0,3.4,2479.0,0.533,G9 III,4815.0,12.4,2.4,-0.1,[Fe/H],2.61,142.024,6.23751
578,HD 147873 b,HD 147873,2,2,Radial Velocity,2016,Multiple Observatories,116.596,0.522,1633.6462,0.207,G1 V,5972.0,2.29,1.38,0.03,[Fe/H],3.86,109.055,7.81828
579,HD 147873 c,HD 147873,2,2,Radial Velocity,2016,Multiple Observatories,491.54,1.36,731.009,0.23,G1 V,5972.0,2.29,1.38,0.03,[Fe/H],3.86,109.055,7.81828
587,HD 150706 b,HD 150706,1,1,Radial Velocity,2012,Haute-Provence Observatory,5894.0,6.7,861.28,0.38,G0 V,5961.0,0.96,1.17,-0.01,[Fe/H],4.5,28.2697,6.85038
590,HD 152843 b,HD 152843,1,2,Transit,2021,Transiting Exoplanet Survey Satellite (TESS),11.6264,0.1053,11.56,0.14,G0,6310.0,1.43,1.15,-0.16,[Fe/H],4.19,107.898,8.76412
592,HD 15337 b,HD 15337,1,2,Transit,2019,Transiting Exoplanet Survey Satellite (TESS),4.75615,0.0522,7.51,0.09,K1 V,5125.0,0.86,0.9,0.15,[Fe/H],4.53,44.8155,8.85598
593,HD 15337 c,HD 15337,1,2,Transit,2019,Transiting Exoplanet Survey Satellite (TESS),17.1784,0.1268,8.11,0.05,K1 V,5125.0,0.86,0.9,0.15,[Fe/H],4.53,44.8155,8.85598
599,HD 154857 c,HD 154857,1,2,Radial Velocity,2014,Anglo-Australian Telescope,3452.0,5.36,819.97,0.06,G5 V,5605.0,1.76,1.72,-0.2,[Fe/H],3.82,63.4482,7.04837
601,HD 155233 b,HD 155233,2,1,Radial Velocity,2015,Anglo-Australian Telescope,818.8,2.0,826.358,0.04,K1 III,4960.0,5.03,1.69,0.08,[Fe/H],3.17,74.2309,6.5449
606,HD 156411 b,HD 156411,1,1,Radial Velocity,2009,La Silla Observatory,842.2,1.88,235.18,0.22,F8 IV/V,5900.0,2.16,1.25,-0.12,[Fe/H],4.07,56.8655,6.5121
616,HD 158996 b,HD 158996,1,1,Radial Velocity,2018,Bohyunsan Optical Astronomical Observatory,820.2,2.1,4449.62,0.13,K5 III,4069.0,50.3,1.8,-0.2,[Fe/H],1.4,283.659,5.18609
617,HD 159243 b,HD 159243,1,2,Radial Velocity,2013,Haute-Provence Observatory,12.62,0.11,359.13,0.02,G0 V,6123.0,1.12,1.12,0.05,[Fe/H],4.55,73.3055,8.51188
618,HD 159243 c,HD 159243,1,2,Radial Velocity,2013,Haute-Provence Observatory,248.4,0.8,603.9,0.075,G0 V,6123.0,1.12,1.12,0.05,[Fe/H],4.55,73.3055,8.51188
640,HD 165155 b,HD 165155,1,1,Radial Velocity,2016,Multiple Observatories,434.5,1.13,918.5287,0.2,G8 V,5426.0,0.95,1.02,0.09,[Fe/H],4.49,63.3574,9.21413
641,HD 1666 b,HD 1666,1,1,Radial Velocity,2015,Multiple Observatories,270.0,0.94,2040.0,0.63,F7 V,6317.0,1.93,1.5,0.37,[Fe/H],4.06,117.908,8.05121
645,HD 168443 b,HD 168443,1,2,Radial Velocity,1998,W. M. Keck Observatory,58.11247,0.2931,2434.157,0.52883,G5,5491.0,1.51,0.99,0.04,[Fe/H],4.07,39.6245,6.73166
646,HD 168443 c,HD 168443,1,2,Radial Velocity,2000,W. M. Keck Observatory,1749.83,2.8373,5464.221,0.2113,G5,5491.0,1.51,0.99,0.04,[Fe/H],4.07,39.6245,6.73166
656,HD 173416 b,HD 173416,1,1,Radial Velocity,2008,Xinglong Station,323.6,1.16,858.1,0.21,G8,4683.0,13.5,2.0,-0.22,[Fe/H],2.48,132.184,5.75681
660,HD 17674 b,HD 17674,1,1,Radial Velocity,2017,Haute-Provence Observatory,623.8,1.42,276.5121,0.13,G0 V,5904.0,1.18,0.98,-0.16,[Fe/H],4.34,44.4264,7.40113
661,HD 176986 b,HD 176986,1,2,Radial Velocity,2017,Multiple Observatories,6.4898,0.06296,5.74,0.066,K2.5 V,4931.0,0.78,0.79,0.03,[Fe/H],4.44,27.7843,8.14249
662,HD 176986 c,HD 176986,1,2,Radial Velocity,2017,Multiple Observatories,16.8191,0.11878,9.18,0.111,K2.5 V,4931.0,0.78,0.79,0.03,[Fe/H],4.44,27.7843,8.14249
674,HD 181234 b,HD 181234,1,1,Radial Velocity,2019,La Silla Observatory,7462.0575,7.52,2660.2371,0.73,G5,5386.0,1.05,1.01,0.32,[Fe/H],4.25,47.7458,8.36926
696,HD 190984 b,HD 190984,1,1,Radial Velocity,2009,La Silla Observatory,4885.0,5.5,985.2,0.57,F8 V,5988.0,1.53,0.91,-0.48,[Fe/H],4.02,148.187,8.61126
707,HD 196067 b,HD 196067,2,1,Radial Velocity,2012,La Silla Observatory,3638.0,5.02,2192.9,0.66,G1 V,6017.0,1.73,1.29,0.18,[Fe/H],4.24,39.9346,6.33009
715,HD 202206 c,HD 202206,2,1,Radial Velocity,2004,La Silla Observatory,1260.0,2.41,5689.157,0.22,G6 V,5766.0,1.04,1.07,0.3,[Fe/H],4.5,45.9665,7.91051
716,HD 202696 b,HD 202696,1,2,Radial Velocity,2019,W. M. Keck Observatory,517.8,1.566,634.38868,0.011,K0 III-IV,5040.0,6.43,1.91,0.02,[Fe/H],3.11,188.546,7.95929
717,HD 202696 c,HD 202696,1,2,Radial Velocity,2019,W. M. Keck Observatory,946.6,2.342,592.43512,0.028,K0 III-IV,5040.0,6.43,1.91,0.02,[Fe/H],3.11,188.546,7.95929
735,HD 207897 b,HD 207897,1,1,Transit,2021,Transiting Exoplanet Survey Satellite (TESS),16.202159,0.1163,14.4,0.047,K0 V,5070.0,0.78,0.8,-0.042,[Fe/H],4.56,28.2938,8.13037
741,HD 208527 b,HD 208527,1,1,Radial Velocity,2012,Bohyunsan Optical Astronomical Observatory,875.5,2.1,3146.4,0.08,M1 III,4035.0,51.1,1.6,-0.09,[Fe/H],1.4,312.202,5.61607
743,HD 208897 b,HD 208897,1,1,Radial Velocity,2017,Multiple Observatories,352.7,1.05,444.962,0.07,K0,4860.0,4.98,1.25,0.21,[Fe/H],3.13,67.4872,6.23739
748,HD 211403 b,HD 211403,1,1,Radial Velocity,2021,Haute-Provence Observatory,223.8,0.768,1760.76937,0.084,F7 V,6273.0,1.21,1.2,0.18,[Fe/H],4.3,83.0919,8.34865
755,HD 213885 b,HD 213885,1,2,Transit,2019,Transiting Exoplanet Survey Satellite (TESS),1.008035,0.02012,8.83,0.0,G,5978.0,1.1,1.07,-0.04,[Fe/H],4.38,48.0883,7.80173
756,HD 213885 c,HD 213885,1,2,Radial Velocity,2019,Multiple Observatories,4.78503,0.056798,19.95,0.0,G,5978.0,1.1,1.07,-0.04,[Fe/H],4.38,48.0883,7.80173
759,HD 215152 b,HD 215152,1,4,Radial Velocity,2018,La Silla Observatory,5.75999,0.057638,1.819,0.0,K3 V,4935.0,0.73,0.77,-0.1,[Fe/H],4.4,21.5974,7.80163
760,HD 215152 c,HD 215152,1,4,Radial Velocity,2018,La Silla Observatory,7.28243,0.067393,1.72,0.0,K3 V,4935.0,0.73,0.77,-0.1,[Fe/H],4.4,21.5974,7.80163
761,HD 215152 d,HD 215152,1,4,Radial Velocity,2018,La Silla Observatory,10.86499,0.08799,2.801,0.0,K3 V,4935.0,0.73,0.77,-0.1,[Fe/H],4.4,21.5974,7.80163
762,HD 215152 e,HD 215152,1,4,Radial Velocity,2018,La Silla Observatory,25.1967,0.15417,2.877,0.0,K3 V,4935.0,0.73,0.77,-0.1,[Fe/H],4.4,21.5974,7.80163
776,HD 217786 b,HD 217786,2,1,Radial Velocity,2011,La Silla Observatory,1319.0,2.38,4131.62,0.4,F8 V,5966.0,1.27,1.02,-0.135,[Fe/H],4.35,55.4847,7.63573
779,HD 219077 b,HD 219077,1,1,Radial Velocity,2012,La Silla Observatory,5501.0,6.22,3302.11,0.77,G8 V,5362.0,1.91,1.05,-0.13,[Fe/H],4.0,29.1864,5.91597
784,HD 219134 g,HD 219134,1,6,Radial Velocity,2015,Multiple Observatories,94.2,0.3753,10.80622,0.0,K3 V,4913.0,0.77,0.79,0.08,[Fe/H],4.51,6.53127,5.2402
785,HD 219134 h,HD 219134,1,6,Radial Velocity,2015,Roque de los Muchachos Observatory,2247.0,3.11,108.0622,0.06,K3 V,4913.0,0.77,0.79,0.08,[Fe/H],4.51,6.53127,5.2402
786,HD 219415 b,HD 219415,1,1,Radial Velocity,2012,McDonald Observatory,2093.3,3.2,317.83,0.4,K0 III,4820.0,2.9,1.0,-0.04,[Fe/H],3.51,165.184,8.59745
797,HD 221420 b,HD 221420,1,1,Radial Velocity,2019,Anglo-Australian Telescope,10090.0,10.15,7278.27052,0.14,G2 IV-V,5847.0,1.95,1.35,0.33,[Fe/H],4.03,31.1415,5.65862
799,HD 222076 b,HD 222076,1,1,Radial Velocity,2016,Multiple Observatories,871.0,1.83,495.8148,0.08,K0 III,4806.0,4.1,1.07,0.05,[Fe/H],3.31,91.1538,7.18755
802,HD 224538 b,HD 224538,1,1,Radial Velocity,2016,Multiple Observatories,1189.1,2.28,1897.4451,0.464,F9 IV/V,6097.0,1.54,1.34,0.27,[Fe/H],4.19,79.0608,7.92192
809,HD 233604 b,HD 233604,1,1,Radial Velocity,2013,McDonald Observatory,192.0,0.747,2089.644,0.05,K5,4791.0,10.9,1.5,-0.36,[Fe/H],2.55,847.058,10.1054
814,HD 238090 b,HD 238090,1,1,Radial Velocity,2020,Multiple Observatories,13.671,0.0932,6.89,0.3,M0.0 V,3933.0,0.57,0.58,-0.03,[Fe/H],4.7,15.2354,9.037911
822,HD 25015 b,HD 25015,1,1,Radial Velocity,2019,La Silla Observatory,6019.32,6.19,1423.8784,0.39,K1 V,5160.0,0.83,0.86,0.04,[Fe/H],4.4,37.433,8.59876
824,HD 25723 b,HD 25723,1,1,Radial Velocity,2020,Lick Observatory,457.01,1.49,794.57102,0.04,K1 III,4766.0,13.76,2.12,-0.03,[Fe/H],2.5,114.816,5.31947
834,HD 27969 b,HD 27969,1,1,Radial Velocity,2021,Haute-Provence Observatory,654.5,1.552,1525.57635,0.182,G0 V,5966.0,1.27,1.16,0.18,[Fe/H],4.12,67.9328,7.5139
836,HD 28254 b,HD 28254,2,1,Radial Velocity,2010,La Silla Observatory,1116.0,2.15,368.67,0.81,G1 IV/V,5664.0,1.48,1.06,0.06,[Fe/H],4.12,55.2884,7.49977
840,HD 29021 b,HD 29021,1,1,Radial Velocity,2017,Haute-Provence Observatory,1362.3,2.28,762.792,0.459,G5,5560.0,0.85,0.85,-0.24,[Fe/H],4.44,30.9939,7.58565
842,HD 29399 b,HD 29399,1,1,Radial Velocity,2020,La Silla Observatory,892.7,1.913,498.9906,0.05,K1 III,4845.0,4.5,1.17,0.14,[Fe/H],3.25,44.1518,5.50503
847,HD 30669 b,HD 30669,1,1,Radial Velocity,2014,La Silla Observatory,1684.0,2.69,149.37,0.18,G9 V,5400.0,0.91,0.92,0.13,[Fe/H],4.37,58.0844,8.90667
855,HD 3167 d,HD 3167,1,3,Transit,2017,W. M. Keck Observatory,8.509,0.07757,6.9,0.36,K0 V,5261.0,0.86,0.86,0.04,[Fe/H],4.47,47.2899,8.76221
856,HD 32518 b,HD 32518,1,1,Radial Velocity,2009,Thueringer Landessternwarte Tautenburg,157.54,0.59,966.16,0.01,K1 III,4580.0,10.22,1.13,-0.15,[Fe/H],2.1,122.115,6.11933
862,HD 332231 b,HD 332231,1,1,Transit,2020,Transiting Exoplanet Survey Satellite (TESS),18.71204,0.1436,77.55052,0.032,F8,6089.0,1.28,1.13,0.036,[Fe/H],4.28,80.6665,8.41839
866,HD 33844 c,HD 33844,1,2,Radial Velocity,2015,Anglo-Australian Telescope,916.0,2.24,556.2025,0.13,K0 III,4861.0,5.29,1.78,0.27,[Fe/H],3.24,105.779,7.01153
868,HD 34445 c,HD 34445,1,6,Radial Velocity,2017,Multiple Observatories,214.67,0.7181,53.5,0.036,G0 V,5836.0,1.38,1.07,0.14,[Fe/H],4.21,46.0907,7.14947
869,HD 34445 d,HD 34445,1,6,Radial Velocity,2017,Multiple Observatories,117.87,0.4817,30.7,0.027,G0 V,5836.0,1.38,1.07,0.14,[Fe/H],4.21,46.0907,7.14947
870,HD 34445 e,HD 34445,1,6,Radial Velocity,2017,Multiple Observatories,49.175,0.2687,16.8,0.09,G0 V,5836.0,1.38,1.07,0.14,[Fe/H],4.21,46.0907,7.14947
871,HD 34445 f,HD 34445,1,6,Radial Velocity,2017,Multiple Observatories,676.8,1.543,37.9,0.031,G0 V,5836.0,1.38,1.07,0.14,[Fe/H],4.21,46.0907,7.14947
872,HD 34445 g,HD 34445,1,6,Radial Velocity,2017,Multiple Observatories,5700.0,6.36,120.6,0.032,G0 V,5836.0,1.38,1.07,0.14,[Fe/H],4.21,46.0907,7.14947
885,HD 39091 b,HD 39091,1,2,Radial Velocity,2001,Anglo-Australian Telescope,2093.07,3.1,3184.6566,0.637,G0 V,6037.0,1.1,1.09,0.08,[Fe/H],4.42,18.2702,5.5128
900,HD 42012 b,HD 42012,1,1,Radial Velocity,2017,Haute-Provence Observatory,857.5,1.67,508.528,0.2,K0,5405.0,0.82,0.83,-0.09,[Fe/H],4.45,36.7984,8.22949
904,HD 42618 b,HD 42618,1,1,Radial Velocity,2016,Multiple Observatories,149.61,0.554,14.4,0.19,G4 V,5727.0,1.0,1.01,-0.09,[Fe/H],4.44,24.3358,6.68303
907,HD 43197 b,HD 43197,1,1,Radial Velocity,2010,La Silla Observatory,327.8,0.92,190.69,0.83,G8 V,5508.0,1.0,0.96,0.4,[Fe/H],4.31,62.4112,8.77158
909,HD 44219 b,HD 44219,1,1,Radial Velocity,2010,La Silla Observatory,472.3,1.19,184.33,0.61,G2 V,5752.0,1.32,1.0,0.03,[Fe/H],4.21,52.9051,7.52973
919,HD 4732 b,HD 4732,2,2,Radial Velocity,2012,Multiple Observatories,360.2,1.19,753.23,0.13,K0 IV,4959.0,5.4,1.74,0.01,[Fe/H],3.16,54.7841,5.6509
920,HD 4732 c,HD 4732,2,2,Radial Velocity,2012,Multiple Observatories,2732.0,4.6,753.23,0.23,K0 IV,4959.0,5.4,1.74,0.01,[Fe/H],3.16,54.7841,5.6509
929,HD 50499 c,HD 50499,1,2,Radial Velocity,2019,La Silla Observatory,8619.9,9.02,931.2419,0.0,G1 V,6099.0,1.42,1.31,0.38,[Fe/H],4.42,46.2845,7.0564
934,HD 5278 b,HD 5278,1,2,Transit,2021,Transiting Exoplanet Survey Satellite (TESS),14.339156,0.1202,7.8,0.08,F V,6203.0,1.19,1.13,-0.12,[Fe/H],4.5,57.5846,7.80375
935,HD 5278 c,HD 5278,1,2,Radial Velocity,2021,Paranal Observatory,40.87,0.2416,18.4,0.07,F V,6203.0,1.19,1.13,-0.12,[Fe/H],4.5,57.5846,7.80375
941,HD 564 b,HD 564,1,1,Radial Velocity,2014,La Silla Observatory,492.3,1.2,104.88,0.096,G2/G3 V,5902.0,1.01,0.96,-0.2,[Fe/H],4.53,51.1659,8.17077
943,HD 59686 A b,HD 59686 A,2,1,Radial Velocity,2016,Lick Observatory,299.36,1.086,2199.3836,0.05,K2 III,4658.0,13.2,1.9,0.15,[Fe/H],2.49,89.2721,5.13228
944,HD 60292 b,HD 60292,1,1,Radial Velocity,2020,Bohyunsan Optical Astronomical Observatory,495.4,1.5,2065.895,0.27,K0 III,4348.0,27.0,1.7,-0.17,[Fe/H],1.9,315.211,6.53238
958,HD 66141 b,HD 66141,1,1,Radial Velocity,2012,Bohyunsan Optical Astronomical Observatory,480.5,1.2,1906.9,0.07,K2 III,4323.0,21.4,1.1,-0.323,[Fe/H],1.78,68.1509,3.97926
961,HD 67087 b,HD 67087,1,2,Radial Velocity,2015,Multiple Observatories,352.2,1.08,973.0,0.17,F8 V,6330.0,1.55,1.36,0.25,[Fe/H],4.19,76.5217,7.92235
962,HD 67087 c,HD 67087,1,2,Radial Velocity,2015,Multiple Observatories,2374.0,3.86,1540.0,0.76,F8 V,6330.0,1.55,1.36,0.25,[Fe/H],4.19,76.5217,7.92235
964,HD 68402 b,HD 68402,1,1,Radial Velocity,2016,Multiple Observatories,1103.0,2.18,975.7381,0.03,G5 IV/V,5950.0,1.02,1.12,0.29,[Fe/H],4.47,78.4293,8.95443
975,HD 72892 b,HD 72892,1,1,Radial Velocity,2016,Multiple Observatories,39.475,0.228,1732.1735,0.423,G5 V,5688.0,1.22,1.02,0.25,[Fe/H],4.27,69.7311,8.6469
988,HD 76920 b,HD 76920,1,1,Radial Velocity,2017,Multiple Observatories,415.4,1.149,1249.0719,0.856,K1 III,4698.0,7.47,1.17,-0.11,[Fe/H],2.94,184.031,7.5144
991,HD 7924 c,HD 7924,1,3,Radial Velocity,2015,W. M. Keck Observatory,15.299,0.1134,7.86,0.098,K0.5 V,5075.0,0.78,0.83,-0.15,[Fe/H],4.59,16.9922,6.92516
992,HD 7924 d,HD 7924,1,3,Radial Velocity,2015,W. M. Keck Observatory,24.451,0.1551,6.44,0.21,K0.5 V,5075.0,0.78,0.83,-0.15,[Fe/H],4.59,16.9922,6.92516
996,HD 80869 b,HD 80869,1,1,Radial Velocity,2021,Haute-Provence Observatory,1711.7,2.878,1544.64606,0.862,G1 V,5837.0,1.06,1.08,0.17,[Fe/H],4.18,85.3951,8.33173
999,HD 81817 b,HD 81817,1,1,Radial Velocity,2020,Bohyunsan Optical Astronomical Observatory,1047.1,3.3,8613.193,0.17,K3 III,4140.0,83.8,4.3,-0.17,[Fe/H],1.3,269.126,3.80122
1005,HD 8535 b,HD 8535,2,1,Radial Velocity,2010,La Silla Observatory,1313.0,2.45,216.1244,0.15,G0 V,6136.0,1.19,1.13,0.06,[Fe/H],4.46,55.4401,7.56066
1010,HD 86226 b,HD 86226,1,2,Radial Velocity,2009,Las Campanas Observatory,1628.0,2.73,143.0235,0.059,G1 V,5863.0,1.05,1.02,0.018,[Fe/H],4.4,45.683,7.7713
1011,HD 86226 c,HD 86226,1,2,Transit,2020,Transiting Exoplanet Survey Satellite (TESS),3.98442,0.049,7.25,0.075,G1 V,5863.0,1.05,1.02,0.018,[Fe/H],4.4,45.683,7.7713
1014,HD 86950 b,HD 86950,1,1,Radial Velocity,2016,Multiple Observatories,1270.0,2.72,1144.188,0.17,K1 III,4805.0,8.8,1.66,0.04,[Fe/H],2.66,209.839,7.17997
1015,HD 87646 b,HD 87646,3,1,Radial Velocity,2016,Apache Point Observatory,13.481,0.117,3941.092,0.05,G,5770.0,1.55,1.12,-0.17,[Fe/H],4.1,73.58352,7.9295
1022,HD 9174 b,HD 9174,1,1,Radial Velocity,2016,Multiple Observatories,1179.0,2.2,352.7913,0.12,G8 IV,5577.0,1.67,1.03,0.39,[Fe/H],4.03,81.4893,8.22923
1023,HD 92788 b,HD 92788,1,2,Radial Velocity,2000,Multiple Observatories,325.803,0.97,1195.0408,0.35,G6 V,5744.0,1.14,1.15,0.27,[Fe/H],4.39,34.6538,7.13929
1024,HD 92788 c,HD 92788,1,2,Radial Velocity,2019,La Silla Observatory,11611.2975,10.5,1166.4361,0.46,G6 V,5744.0,1.14,1.15,0.27,[Fe/H],4.39,34.6538,7.13929
1025,HD 92987 b,HD 92987,1,1,Radial Velocity,2019,La Silla Observatory,10354.8375,9.62,5364.9704,0.21,G2/G3 V,5770.0,1.58,1.08,-0.08,[Fe/H],4.0,43.5339,6.85987
1030,HD 9446 b,HD 9446,1,2,Radial Velocity,2009,Haute-Provence Observatory,30.052,0.189,222.472,0.2,G5 V,5793.0,1.0,1.0,0.09,[Fe/H],4.53,50.3503,8.2095
1031,HD 9446 c,HD 9446,1,2,Radial Velocity,2009,Haute-Provence Observatory,192.9,0.654,578.426,0.06,G5 V,5793.0,1.0,1.0,0.09,[Fe/H],4.53,50.3503,8.2095
1037,HD 95338 b,HD 95338,1,1,Radial Velocity,2020,Las Campanas Observatory,55.087,0.262,42.44,0.197,K0.5 V,5212.0,0.87,0.83,0.04,[Fe/H],4.54,36.9941,8.38213
1038,HD 95544 b,HD 95544,1,1,Radial Velocity,2021,Haute-Provence Observatory,2172.0,3.386,2173.9463,0.043,G3 V,5722.0,1.09,1.09,0.11,[Fe/H],4.07,87.8049,8.210671
1051,HD 98649 b,HD 98649,1,1,Radial Velocity,2012,La Silla Observatory,6022.9725,6.57,2158.0657,0.86,G3/G5 V,5790.0,1.01,1.03,0.05,[Fe/H],4.51,42.1727,7.82889
1059,HIP 107773 b,HIP 107773,1,1,Radial Velocity,2015,Multiple Observatories,144.3,0.72,629.3034,0.09,K1 III,4945.0,11.6,2.42,0.03,[Fe/H],2.6,105.18,5.36073
1062,HIP 114933 b,HIP 114933,1,1,Radial Velocity,2021,Multiple Observatories,1481.6,2.84,616.58711,0.21,K0 III,4823.0,5.27,1.39,0.06,[Fe/H],2.99,101.766,6.97658
1082,HIP 56640 b,HIP 56640,1,1,Radial Velocity,2021,Multiple Observatories,2574.9,3.73,1166.43025,0.12,K1 III,4769.0,4.93,1.04,-0.03,[Fe/H],2.91,122.324,7.64993
1084,HIP 57274 c,HIP 57274,1,3,Radial Velocity,2011,W. M. Keck Observatory,32.03,0.178,130.0,0.05,K4 V,4640.0,0.68,0.73,0.09,[Fe/H],4.71,25.8618,8.57069
1085,HIP 57274 d,HIP 57274,1,3,Radial Velocity,2011,W. M. Keck Observatory,431.7,1.01,167.4,0.27,K4 V,4640.0,0.68,0.73,0.09,[Fe/H],4.71,25.8618,8.57069
1087,HIP 65 A b,HIP 65 A,2,1,Transit,2020,Transiting Exoplanet Survey Satellite (TESS),0.9809734,0.01782,1021.18779,0.0,K4 V,4590.0,0.72,0.78,0.18,[Fe/H],4.61,61.7856,10.5895
1091,HIP 65891 b,HIP 65891,1,1,Radial Velocity,2015,Multiple Observatories,1084.5,2.81,1906.98,0.13,K0 III,5000.0,8.93,2.5,0.16,[Fe/H],2.9,150.292,6.48224
1093,HIP 67537 b,HIP 67537,1,1,Radial Velocity,2017,Multiple Observatories,2556.5,4.91,3527.913,0.59,K1 III,4985.0,8.69,2.41,0.15,[Fe/H],2.85,116.046,6.17087
1094,HIP 67851 b,HIP 67851,1,2,Radial Velocity,2015,Multiple Observatories,88.9,0.46,438.6054,0.05,K0 III,4890.0,5.92,1.63,0.0,[Fe/H],3.15,64.1181,5.89329
1095,HIP 67851 c,HIP 67851,1,2,Radial Velocity,2015,Multiple Observatories,2131.8,3.82,1900.6234,0.17,K0 III,4890.0,5.92,1.63,0.0,[Fe/H],3.15,64.1181,5.89329
1098,HIP 74890 b,HIP 74890,1,1,Radial Velocity,2016,Multiple Observatories,822.3,2.1,762.792,0.07,K1 III,4850.0,5.77,1.74,0.2,[Fe/H],3.1,78.6562,6.75234
1099,HIP 75092 b,HIP 75092,1,1,Radial Velocity,2021,Multiple Observatories,926.4,2.02,568.91285,0.42,K0 III,4891.0,4.53,1.28,-0.01,[Fe/H],3.09,81.6696,6.82953
1103,HIP 8541 b,HIP 8541,2,1,Radial Velocity,2016,Multiple Observatories,1560.2,2.8,1748.065,0.16,K2 III/IV,4670.0,7.83,1.17,-0.15,[Fe/H],2.7,155.121,7.56075
1104,HIP 90988 b,HIP 90988,1,1,Radial Velocity,2021,Multiple Observatories,453.9,1.26,622.94368,0.08,K1 III,4883.0,3.94,1.3,0.17,[Fe/H],3.32,94.0349,7.46648
1106,HIP 97166 b,HIP 97166,1,2,Transit,2021,Transiting Exoplanet Survey Satellite (TESS),10.28891,0.089,20.0,0.16,K0 V,5198.0,0.84,0.9,0.27,[Fe/H],4.41,65.9501,9.68443
1107,HIP 97166 c,HIP 97166,1,2,Radial Velocity,2021,Multiple Observatories,16.84,0.124,9.9,0.25,K0 V,5198.0,0.84,0.9,0.27,[Fe/H],4.41,65.9501,9.68443
1108,HIP 97233 b,HIP 97233,1,1,Radial Velocity,2014,Multiple Observatories,1058.8,2.55,6356.3,0.61,K0,5020.0,5.34,1.93,0.29,[Fe/H],3.26,102.275,7.07025
1125,K2-100 b,K2-100,1,1,Transit,2016,K2,1.6739035,0.0301,21.8,0.0,G0 V,5945.0,1.24,1.15,0.22,[Fe/H],4.33,188.959,10.4053
1134,K2-111 b,K2-111,1,2,Transit,2017,K2,5.3518,0.057,5.29,0.13,G2,5775.0,1.25,0.84,-0.46,[Fe/H],4.25,200.394,10.9294
1135,K2-111 c,K2-111,1,2,Radial Velocity,2020,Multiple Observatories,15.6785,0.1166,11.3,0.07,G2,5775.0,1.25,0.84,-0.46,[Fe/H],4.25,200.394,10.9294
1166,K2-137 b,K2-137,1,1,Transit,2017,K2,0.179715,0.0058,158.915,0.0,M3 V,3492.0,0.44,0.46,0.08,[Fe/H],4.82,98.8765,14.4345
1175,K2-140 b,K2-140,1,1,Transit,2017,K2,6.569188,0.068,295.58042,0.0,G6 V,5585.0,1.06,0.96,0.1,[Fe/H],4.4,347.917,12.4814
1284,K2-216 b,K2-216,1,1,Transit,2018,K2,2.1748,0.028,8.0,0.0,K5 V,4503.0,0.72,0.7,0.0,[Fe/H],4.57,115.461,12.0576
1310,K2-237 b,K2-237,1,1,Transit,2018,K2,2.1805577,0.0353,392.83788,0.0,F9 V,6099.0,1.38,1.23,0.0,[Fe/H],4.27,314.995,11.4668
1311,K2-238 b,K2-238,1,1,Transit,2018,K2,3.20466,0.046,273.3338,0.0,G2 V,5630.0,1.59,1.19,0.34,[Fe/H],4.11,537.963,13.6635
1343,K2-260 b,K2-260,1,1,Transit,2018,K2,2.6266657,0.0404,451.3186,0.0,F6 V,6367.0,1.69,1.39,-0.14,[Fe/H],4.15,663.834,12.4667
1344,K2-261 b,K2-261,1,1,Transit,2018,K2,11.63344,0.102,70.87609,0.39,G7 IV/V,5537.0,1.65,1.1,0.36,[Fe/H],4.21,213.283,10.4594
1345,K2-263 b,K2-263,1,1,Transit,2018,K2,50.818947,0.2573,14.8,0.14,G9 V,5368.0,0.85,0.88,-0.08,[m/H],4.51,162.481,11.4055
1348,K2-265 b,K2-265,2,1,Transit,2018,K2,2.369172,0.03376,6.54,0.084,G8 V,5477.0,0.98,0.92,0.078,[Fe/H],4.42,138.671,10.9277
1378,K2-285 b,K2-285,1,4,Transit,2018,K2,3.471745,0.03817,9.68,0.0,K2 V,4975.0,0.79,0.83,0.0,[Fe/H],4.4,154.961,11.804
1379,K2-285 c,K2-285,1,4,Transit,2018,K2,7.138048,0.0824,15.68,0.0,K2 V,4975.0,0.79,0.83,0.0,[Fe/H],4.4,154.961,11.804
1380,K2-285 d,K2-285,1,4,Transit,2018,K2,10.45582,0.1178,6.5,0.0,K2 V,4975.0,0.79,0.83,0.0,[Fe/H],4.4,154.961,11.804
1381,K2-285 e,K2-285,1,4,Transit,2018,K2,14.76289,0.18041,10.7,0.0,K2 V,4975.0,0.79,0.83,0.0,[Fe/H],4.4,154.961,11.804
1386,K2-29 b,K2-29,2,1,Transit,2016,K2,3.2588321,0.04217,232.0159,0.066,G7 V,5358.0,0.86,0.94,0.16,[Fe/H],4.54,178.475,12.2008
1390,K2-292 b,K2-292,1,1,Transit,2019,K2,16.9841,0.13,24.5,0.04,G3 V,5725.0,1.09,1.0,0.07,[Fe/H],4.33,114.293,9.75597
1393,K2-295 b,K2-295,1,1,Transit,2018,K2,4.024867,0.0451,106.47305,0.0,K5 V,4444.0,0.7,0.74,0.14,[Fe/H],4.63,232.801,13.5184
1397,K2-30 b,K2-30,1,1,Transit,2016,K2,4.098503,0.04839,184.02357,0.0,G6 V,5425.0,0.84,0.9,-0.15,[Fe/H],4.54,333.042,13.2056
1399,K2-31 b,K2-31,2,1,Transit,2016,K2,1.25785,0.022,563.83042,0.0,G7 V,5280.0,0.78,0.91,0.08,[Fe/H],4.6,110.527,10.5371
1489,K2-60 b,K2-60,1,1,Transit,2016,K2,3.00265,0.045,135.39558,0.0,G4 V,5500.0,1.12,0.97,0.01,[Fe/H],4.07,491.87,12.6108
1540,KELT-14 b,KELT-14,1,1,Transit,2016,KELT-South,1.7100566,0.03005,408.09372,0.0,G4,5720.0,1.52,1.24,0.32,[Fe/H],4.17,250.121,10.8384
1542,KELT-16 b,KELT-16,2,1,Transit,2017,KELT,0.9689951,0.02044,874.0325,0.0,F7 V,6236.0,1.36,1.21,-0.002,[Fe/H],4.25,444.586,11.7959
1544,KELT-18 b,KELT-18,2,1,Transit,2017,KELT-North,2.8717518,0.0455,375.0394,0.0,F4 V,6670.0,1.91,1.52,0.09,[Fe/H],4.06,321.376,10.1036
1548,KELT-21 b,KELT-21,1,1,Transit,2018,KELT-North,3.6127647,0.05224,1242.7153,0.0,A8 V,7598.0,1.64,1.46,-0.405,[Fe/H],4.17,470.878,10.5415
1549,KELT-23 A b,KELT-23 A,2,1,Transit,2019,KELT-North,2.255251,0.03302,298.12454,0.0,G2 V,5899.0,1.0,0.94,-0.105,[Fe/H],4.42,126.261,10.182
1552,KELT-4 A b,KELT-4 A,3,1,Transit,2016,KELT,2.9895932,0.04317,286.68266,0.0,F,6206.0,1.6,1.2,-0.116,[Fe/H],4.11,218.05,9.95702
1557,KELT-9 b,KELT-9,2,1,Transit,2017,KELT-North,1.4811235,0.03462,915.3504,0.0,B9.5-A0,10170.0,2.36,2.52,-0.03,[Fe/H],4.09,204.455,7.57675
1626,KPS-1 b,KPS-1,1,1,Transit,2018,Acton Sky Portal Observatory,1.706291,0.0269,346.4347,0.0,K1 V,5165.0,0.91,0.89,0.22,[Fe/H],4.47,262.706,12.7933
1644,Kepler-101 b,Kepler-101,1,2,Transit,2014,Kepler,3.4876812,0.0474,51.1,0.086,G3 IV,5667.0,1.56,1.17,0.33,[Fe/H],4.12,927.981,13.5672
1645,Kepler-101 c,Kepler-101,1,2,Transit,2014,Kepler,6.02976,0.0684,3.78,0.0,G3 IV,5667.0,1.56,1.17,0.33,[Fe/H],4.12,927.981,13.5672
1862,Kepler-117 b,Kepler-117,1,2,Transit,2014,Kepler,18.7959228,0.1445,29.875,0.0493,F8 V,6150.0,1.61,1.13,-0.04,[Fe/H],4.1,1455.57,14.2472
1863,Kepler-117 c,Kepler-117,1,2,Transit,2014,Kepler,50.790391,0.2804,584.78,0.0323,F8 V,6150.0,1.61,1.13,-0.04,[Fe/H],4.1,1455.57,14.2472
2494,Kepler-1654 b,Kepler-1654,1,1,Transit,2018,Kepler,1047.8356,2.026,158.915,0.26,G5 V,5597.0,1.18,1.01,-0.088,[Fe/H],4.3,568.117,13.4057
2501,Kepler-1661 b,Kepler-1661,2,1,Transit,2020,Kepler,175.06,0.633,17.0,0.057,K,5100.0,0.76,0.84,-0.12,[M/H],4.66,410.607,14.1933
2696,Kepler-22 b,Kepler-22,1,1,Transit,2011,Kepler,289.8623,0.849,36.0,0.0,G5 V,5518.0,0.98,0.97,-0.29,[Fe/H],4.44,194.642,11.6444
3147,Kepler-38 b,Kepler-38,2,1,Transit,2012,Kepler,105.599,0.4632,122.0,0.032,G4 V,5623.0,1.75,0.94,-0.11,[m/H],3.93,1174.59,13.9066
3169,Kepler-39 b,Kepler-39,1,1,Transit,2011,Kepler,21.08721,0.164,6388.1,0.112,F7 V,6350.0,1.4,1.29,0.1,[Fe/H],4.4,1057.41,14.2622
3193,Kepler-40 b,Kepler-40,1,1,Transit,2010,Kepler,6.87349,0.08,699.2,0.0,F5 IV,6510.0,2.13,1.48,0.1,[Fe/H],3.94,2305.01,14.5591
3216,Kepler-41 b,Kepler-41,1,1,Transit,2011,Kepler,1.8555582,0.03101,177.98,0.0,G2 V,5750.0,1.29,1.15,0.38,[Fe/H],4.28,1093.08,14.413
3240,Kepler-423 b,Kepler-423,1,1,Transit,2014,Kepler,2.6843285,0.03585,189.101,0.019,G4 V,5560.0,0.95,0.85,-0.1,[M/H],4.41,758.753,14.28
3243,Kepler-425 b,Kepler-425,1,1,Transit,2014,Kepler,3.79701816,0.0464,79.45,0.33,K1 V,5170.0,0.86,0.93,0.24,[Fe/H],4.54,646.647,14.7301
3244,Kepler-426 b,Kepler-426,1,1,Transit,2014,Kepler,3.21751883,0.0414,108.06,0.18,G1 V,5725.0,0.92,0.91,-0.21,[Fe/H],4.47,843.695,14.8069
3245,Kepler-427 b,Kepler-427,1,1,Transit,2014,Kepler,10.290994,0.091,92.17,0.57,G2 V,5800.0,1.35,0.96,-0.19,[Fe/H],4.14,1017.8,14.1964
3246,Kepler-428 b,Kepler-428,1,1,Transit,2014,Kepler,3.52563254,0.0433,403.63,0.22,K1 V,5150.0,0.8,0.87,0.09,[Fe/H],4.57,686.284,15.2218
3263,Kepler-44 b,Kepler-44,1,1,Transit,2011,Kepler,3.2467293,0.0446,317.82,0.066,G2 IV,5800.0,1.35,1.12,0.15,[Fe/H],4.22,1188.0,14.6901
3279,Kepler-447 b,Kepler-447,1,1,Transit,2015,Kepler,7.79430132,0.0769,435.41,0.123,G8 V,5493.0,1.05,1.0,0.07,[Fe/H],4.4,268.041,12.3795
3283,Kepler-45 b,Kepler-45,1,1,Transit,2011,Kepler,2.455239,0.03,160.497,0.11,M,3820.0,0.55,0.59,0.28,[Fe/H],4.7,381.949,15.9804
3401,Kepler-539 b,Kepler-539,1,2,Transit,2016,Kepler,125.63243,0.4988,308.2951,0.39,G2 V,5820.0,0.95,1.05,-0.01,[Fe/H],4.5,307.318,12.379
3402,Kepler-539 c,Kepler-539,1,2,Transit Timing Variations,2016,Kepler,1000.0,2.42,762.792,0.5,G2 V,5820.0,0.95,1.05,-0.01,[Fe/H],4.5,307.318,12.379
3663,Kepler-74 b,Kepler-74,1,1,Transit,2013,Kepler,7.340711,0.0781,200.22,0.0,F8 V,6000.0,1.12,1.18,0.42,[Fe/H],4.44,1177.55,14.3652
3674,Kepler-75 b,Kepler-75,1,1,Transit,2013,Kepler,8.8849116,0.0818,3209.9,0.57,K0 V,5200.0,0.89,0.91,0.3,[Fe/H],4.5,835.356,15.1789
3703,Kepler-77 b,Kepler-77,1,1,Transit,2013,Kepler,3.57878087,0.04501,136.661,0.0,G5 V,5520.0,0.99,0.95,0.2,[M/H],4.42,639.411,13.9172
4001,L 168-9 b,L 168-9,1,1,Transit,2020,Transiting Exoplanet Survey Satellite (TESS),1.4015,0.02091,4.6,0.21,M1 V,3800.0,0.6,0.62,0.04,[Fe/H],4.04,25.1496,10.2316
4002,L 98-59 b,L 98-59,1,4,Transit,2019,Transiting Exoplanet Survey Satellite (TESS),2.2531136,0.02191,0.4,0.103,M3 V,3415.0,0.3,0.27,-0.46,[Fe/H],4.86,10.6194,10.5976
4003,L 98-59 c,L 98-59,1,4,Transit,2019,Transiting Exoplanet Survey Satellite (TESS),3.6906777,0.0304,2.22,0.103,M3 V,3415.0,0.3,0.27,-0.46,[Fe/H],4.86,10.6194,10.5976
4004,L 98-59 d,L 98-59,1,4,Transit,2019,Transiting Exoplanet Survey Satellite (TESS),7.4507245,0.0486,1.94,0.074,M3 V,3415.0,0.3,0.27,-0.46,[Fe/H],4.86,10.6194,10.5976
4005,L 98-59 e,L 98-59,1,4,Radial Velocity,2021,Multiple Observatories,12.796,0.0717,3.06,0.128,M3 V,3415.0,0.3,0.27,-0.46,[Fe/H],4.86,10.6194,10.5976
4011,LHS 1815 b,LHS 1815,1,1,Transit,2020,Transiting Exoplanet Survey Satellite (TESS),3.81433,0.0404,8.7,0.0,M1,3643.0,0.5,0.5,-0.12,[Fe/H],4.77,29.8424,11.2362
4013,LP 714-47 b,LP 714-47,1,1,Transit,2020,Transiting Exoplanet Survey Satellite (TESS),4.052037,0.0417,30.8,0.04,M0.0 V,3950.0,0.58,0.59,0.41,[Fe/H],4.64,52.616,11.7282
4016,LSPM J2116+0234 b,LSPM J2116+0234,1,1,Radial Velocity,2019,Calar Alto Observatory,14.4399,0.0876,13.3,0.183,M3.0 V,3475.0,0.43,0.43,-0.05,[Fe/H],4.95,17.6297,10.8595
4018,LTT 3780 b,LTT 3780,2,2,Transit,2020,Transiting Exoplanet Survey Satellite (TESS),0.768448,0.01211,2.62,0.0,M4 V,3331.0,0.37,0.4,0.28,[Fe/H],4.9,21.9814,11.8465
4019,LTT 3780 c,LTT 3780,2,2,Transit,2020,Transiting Exoplanet Survey Satellite (TESS),12.2519,0.07673,8.6,0.06,M4 V,3331.0,0.37,0.4,0.28,[Fe/H],4.9,21.9814,11.8465
4020,LTT 9779 b,LTT 9779,1,1,Transit,2020,Transiting Exoplanet Survey Satellite (TESS),0.792052,0.01679,29.32,0.0,G7 V,5443.0,0.95,0.77,0.27,[Fe/H],4.35,80.4373,9.60006
4024,MASCARA-1 b,MASCARA-1,1,1,Transit,2017,Multiple Observatories,2.14878,0.043,1175.971,0.0,A8,7554.0,2.1,1.72,0.0,[Fe/H],4.0,182.273,8.24243
4025,MASCARA-4 b,MASCARA-4,2,1,Transit,2020,Multiple Observatories,2.82406,0.047,985.273,0.0,A7 V,7800.0,1.92,1.75,0.0,[Fe/H],4.1,170.696,8.17401
4058,NGTS-1 b,NGTS-1,1,1,Transit,2017,Paranal Observatory,2.647298,0.0326,258.07796,0.016,M0.5,3916.0,0.57,0.62,0.0,[M/H],4.71,218.121,14.8661
4060,NGTS-11 b,NGTS-11,1,1,Transit,2020,Transiting Exoplanet Survey Satellite (TESS),35.45533,0.201,109.33352,0.13,K,5050.0,0.83,0.86,0.22,[Fe/H],4.5,190.422,12.1895
4061,NGTS-12 b,NGTS-12,1,1,Transit,2020,Paranal Observatory,7.532806,0.0757,66.10864,0.0,G,5690.0,1.59,1.02,-0.03,[Fe/H],4.04,446.442,12.1279
4063,NGTS-14 A b,NGTS-14 A,2,1,Transit,2021,Paranal Observatory,3.5357173,0.0403,29.24036,0.0,K1 V,5187.0,0.84,0.9,0.1,[Fe/H],4.2,322.148,13.0986
4064,NGTS-15 b,NGTS-15,1,1,Transit,2021,Paranal Observatory,3.27623,0.0441,238.68913,0.0,G6 V,5600.0,0.95,0.99,0.15,[Fe/H],4.4,786.485,14.4299
4065,NGTS-16 b,NGTS-16,1,1,Transit,2021,Paranal Observatory,4.84532,0.0523,211.99155,0.0,G7 V,5550.0,1.21,1.0,0.35,[Fe/H],4.35,898.168,14.2311
4066,NGTS-17 b,NGTS-17,1,1,Transit,2021,Paranal Observatory,3.24253,0.0391,242.8209,0.0,G4 V,5650.0,1.34,1.02,0.15,[Fe/H],4.0,1040.28,14.2136
4067,NGTS-18 b,NGTS-18,1,1,Transit,2021,Paranal Observatory,3.05125,0.0448,129.99182,0.0,G5 V,5610.0,1.39,1.0,0.15,[Fe/H],4.16,1096.19,14.3896
4068,NGTS-2 b,NGTS-2,1,1,Transit,2018,Paranal Observatory,4.511164,0.063,235.1942,0.0,F5 V,6478.0,1.7,1.64,-0.06,[Fe/H],4.2,356.391,10.8605
4071,NGTS-5 b,NGTS-5,1,1,Transit,2019,Paranal Observatory,3.3569866,0.0382,72.78307,0.0,K2 V,4987.0,0.74,0.66,0.12,[Fe/H],4.52,306.779,13.526
4073,NGTS-8 b,NGTS-8,1,1,Transit,2019,Paranal Observatory,2.4997,0.035,295.5819,0.01,K0 V,5241.0,0.98,0.89,0.24,[Fe/H],4.41,428.976,13.4954
4074,NGTS-9 b,NGTS-9,1,1,Transit,2019,Paranal Observatory,4.43527,0.058,921.707,0.06,F8 V,6330.0,1.38,1.34,0.31,[Fe/H],4.37,609.128,12.6547
4158,PH1 b,PH1,4,1,Transit,2012,Kepler,138.317,0.652,169.0,0.0702,F,6407.0,1.73,1.53,0.21,[Fe/H],4.14,1033.16,13.6988
4173,Qatar-10 b,Qatar-10,1,1,Transit,2019,Qatar,1.645321,0.0286,233.92288,0.0,F7 V,6124.0,1.25,1.16,0.016,[Fe/H],4.3,559.068,12.6978
4175,Qatar-3 b,Qatar-3,1,1,Transit,2017,Qatar,2.5079204,0.03783,1369.8473,0.0,G0 V,6007.0,1.27,1.15,-0.041,[Fe/H],4.29,735.601,12.8203
4176,Qatar-4 b,Qatar-4,1,1,Transit,2017,Qatar,1.8053564,0.02803,1938.763,0.0,K1 V,5215.0,0.85,0.9,0.103,[Fe/H],4.53,329.036,13.4114
4177,Qatar-5 b,Qatar-5,1,1,Transit,2017,Qatar,2.8792319,0.04127,1373.0256,0.0,G2 V,5747.0,1.08,1.13,0.377,[Fe/H],4.43,367.658,12.5241
4178,Qatar-6 b,Qatar-6,2,1,Transit,2017,Qatar,3.506195,0.0423,212.31044,0.0,K2 V,5052.0,0.72,0.82,-0.025,[Fe/H],4.64,100.848,11.1249
4179,Qatar-7 b,Qatar-7,1,1,Transit,2019,Qatar,2.032046,0.0352,597.5204,0.0,F4 V,6387.0,1.56,1.41,0.276,[Fe/H],4.2,705.981,12.9275
4180,Qatar-8 b,Qatar-8,1,1,Transit,2019,Qatar,3.71495,0.0474,117.91493,0.0,G0 V,5738.0,1.31,1.03,0.025,[Fe/H],4.21,281.498,11.3494
4181,Qatar-9 b,Qatar-9,1,1,Transit,2019,Qatar,1.540731,0.0234,378.2177,0.0,K5 V,4309.0,0.7,0.72,0.252,[Fe/H],4.61,213.771,13.6871
4192,TIC 172900988 b,TIC 172900988 Aa,2,1,Transit,2021,Transiting Exoplanet Survey Satellite (TESS),200.452,0.90281,942.0,0.0271,F9,6050.0,1.38,1.24,0.34,[Fe/H],4.25,250.956,10.0477
4193,TIC 237913194 b,TIC 237913194,1,1,Transit,2020,Transiting Exoplanet Survey Satellite (TESS),15.168865,0.1207,617.22586,0.575,G3,5788.0,1.09,1.03,0.14,[Fe/H],4.38,306.063,11.9371
4195,TOI-1062 b,TOI-1062,1,2,Transit,2021,Transiting Exoplanet Survey Satellite (TESS),4.11296,0.052,10.15,0.177,G9 V,5328.0,0.84,0.94,0.14,[Fe/H],4.55,82.1733,10.0008
4196,TOI-1062 c,TOI-1062,1,2,Transit,2021,Transiting Exoplanet Survey Satellite (TESS),7.972,0.08,9.78,0.14,G9 V,5328.0,0.84,0.94,0.14,[Fe/H],4.55,82.1733,10.0008
4198,TOI-1130 c,TOI-1130,1,2,Transit,2020,Transiting Exoplanet Survey Satellite (TESS),8.350381,0.07098,309.56642,0.047,K7,4250.0,0.69,0.68,0.2,[Fe/H],4.6,58.2609,10.9028
4199,TOI-1201 b,TOI-1201,2,1,Transit,2021,Transiting Exoplanet Survey Satellite (TESS),2.4919863,0.0287,6.28,0.0,M2.0 V,3476.0,0.51,0.51,0.05,[Fe/H],4.8,37.8871,12.0966
4201,TOI-1231 b,TOI-1231,1,1,Transit,2021,Transiting Exoplanet Survey Satellite (TESS),24.245586,0.1288,15.4,0.087,M3 V,3553.0,0.48,0.48,0.041,[Fe/H],4.77,27.6227,11.36
4203,TOI-125 b,TOI-125,1,3,Transit,2019,Transiting Exoplanet Survey Satellite (TESS),4.65382,0.05186,9.5,0.194,K0 V,5320.0,0.85,0.86,-0.02,[Fe/H],4.52,111.059,10.718
4204,TOI-125 c,TOI-125,1,3,Transit,2019,Transiting Exoplanet Survey Satellite (TESS),9.15059,0.0814,6.63,0.066,K0 V,5320.0,0.85,0.86,-0.02,[Fe/H],4.52,111.059,10.718
4205,TOI-125 d,TOI-125,1,3,Transit,2020,Transiting Exoplanet Survey Satellite (TESS),19.98,0.137,13.6,0.168,K0 V,5320.0,0.85,0.86,-0.02,[Fe/H],4.52,111.059,10.718
4207,TOI-1260 b,TOI-1260,1,2,Transit,2021,Transiting Exoplanet Survey Satellite (TESS),3.12748,0.0366,8.6,0.0,K6 V,4227.0,0.65,0.66,-0.1,[Fe/H],4.57,73.5977,11.5743
4208,TOI-1260 c,TOI-1260,1,2,Transit,2021,Transiting Exoplanet Survey Satellite (TESS),7.49325,0.0656,11.8,0.0,K6 V,4227.0,0.65,0.66,-0.1,[Fe/H],4.57,73.5977,11.5743
4209,TOI-1266 b,TOI-1266,1,2,Transit,2020,Transiting Exoplanet Survey Satellite (TESS),10.894843,0.0736,13.5,0.09,M3,3600.0,0.42,0.45,-0.5,[Fe/H],4.85,36.0118,12.1222
4210,TOI-1266 c,TOI-1266,1,2,Transit,2020,Transiting Exoplanet Survey Satellite (TESS),18.80151,0.1058,2.2,0.04,M3,3600.0,0.42,0.45,-0.5,[Fe/H],4.85,36.0118,12.1222
4211,TOI-1278 b,TOI-1278,1,1,Transit,2021,Transiting Exoplanet Survey Satellite (TESS),14.47567,0.095,5879.82553,0.013,M0 V,3799.0,0.57,0.54,-0.01,[Fe/H],4.68,75.5759,12.7543
4214,TOI-132 b,TOI-132,1,1,Transit,2020,Transiting Exoplanet Survey Satellite (TESS),2.1097019,0.026,22.4,0.059,G8 V,5397.0,0.9,0.97,0.16,[Fe/H],4.48,163.678,11.3208
4217,TOI-1431 b,TOI-1431,1,1,Transit,2021,Transiting Exoplanet Survey Satellite (TESS),2.650237,0.046,991.62463,0.0022,Am C,7690.0,1.92,1.9,0.09,[Fe/H],4.15,148.925,7.97561
4221,TOI-150.01,TOI-150,1,1,Transit,2019,Transiting Exoplanet Survey Satellite (TESS),5.857487,0.07037,797.7533,0.262,F,6255.0,1.53,1.35,0.28,[Fe/H],4.13,336.267,11.3408
4222,TOI-1518 b,TOI-1518,1,1,Transit,2021,Multiple Observatories,1.902603,0.0389,731.00534,0.01,F0,7300.0,1.95,1.79,-0.1,[Fe/H],4.1,225.888,8.89529
4223,TOI-157 b,TOI-157,1,1,Transit,2020,Transiting Exoplanet Survey Satellite (TESS),2.0845435,0.03138,375.0394,0.0,G9 IV,5404.0,1.17,0.95,0.24,[Fe/H],4.28,355.683,12.5143
4225,TOI-163 b,TOI-163,1,1,Transit,2019,Transiting Exoplanet Survey Satellite (TESS),4.231306,0.058,387.7526,0.0,F,6495.0,1.65,1.44,0.22,[Fe/H],4.19,411.719,11.2193
4226,TOI-1634 b,TOI-1634,2,1,Transit,2021,Transiting Exoplanet Survey Satellite (TESS),0.989343,0.01545,4.91,0.16,M2,3550.0,0.45,0.5,0.23,[Fe/H],4.83,35.2736,12.1965
4228,TOI-169 b,TOI-169,1,1,Transit,2020,Transiting Exoplanet Survey Satellite (TESS),2.2554477,0.03524,251.40353,0.0,G1 V,5880.0,1.29,1.15,0.24,[Fe/H],4.28,407.84,12.2379
4230,TOI-1728 b,TOI-1728,1,1,Transit,2020,Transiting Exoplanet Survey Satellite (TESS),3.49151,0.0391,26.78,0.057,M0,3980.0,0.62,0.65,0.25,[Fe/H],4.66,60.798,11.7294
4231,TOI-1749 b,TOI-1749,1,3,Transit,2021,Transiting Exoplanet Survey Satellite (TESS),2.38839,0.0291,57.0,0.14,M0 V,3985.0,0.55,0.58,-0.26,[Fe/H],4.7,99.5561,13.1798
4232,TOI-1749 c,TOI-1749,1,3,Transit,2021,Transiting Exoplanet Survey Satellite (TESS),4.4929,0.0443,14.0,0.019,M0 V,3985.0,0.55,0.58,-0.26,[Fe/H],4.7,99.5561,13.1798
4233,TOI-1749 d,TOI-1749,1,3,Transit,2021,Transiting Exoplanet Survey Satellite (TESS),9.0497,0.0707,15.0,0.062,M0 V,3985.0,0.55,0.58,-0.26,[Fe/H],4.7,99.5561,13.1798
4242,TOI-1899 b,TOI-1899,1,1,Transit,2020,Transiting Exoplanet Survey Satellite (TESS),29.02,0.1587,209.7678,0.118,M0,3841.0,0.61,0.63,0.31,[Fe/H],4.67,128.438,13.5553
4243,TOI-201 b,TOI-201,1,1,Transit,2021,Transiting Exoplanet Survey Satellite (TESS),52.97818,0.3,133.4886,0.28,F6 V,6394.0,1.32,1.32,0.24,[Fe/H],4.32,113.825,8.94004
4249,TOI-220 b,TOI-220,1,1,Transit,2021,Transiting Exoplanet Survey Satellite (TESS),10.695264,0.08911,13.8,0.032,K0 V,5298.0,0.86,0.82,-0.217,[Fe/H],4.37,90.7402,10.1897
4250,TOI-2202 b,TOI-2202,1,2,Transit,2021,Transiting Exoplanet Survey Satellite (TESS),11.9101,0.09564,310.83618,0.042,K8 V,5144.0,0.79,0.82,0.04,[Fe/H],4.55,235.933,12.7606
4251,TOI-2202 c,TOI-2202,1,2,Transit Timing Variations,2021,Multiple Observatories,24.6744,0.15544,117.27868,0.0622,K8 V,5144.0,0.79,0.82,0.04,[Fe/H],4.55,235.933,12.7606
4258,TOI-269 b,TOI-269,1,1,Transit,2021,Transiting Exoplanet Survey Satellite (TESS),3.6977104,0.0345,8.8,0.425,M2 V,3514.0,0.4,0.39,-0.29,[Fe/H],4.83,57.0225,13.4258
4259,TOI-270 b,TOI-270,1,3,Transit,2019,Transiting Exoplanet Survey Satellite (TESS),3.3601538,0.03197,1.58,0.034,M,3506.0,0.38,0.39,-0.2,[Fe/H],4.87,22.4793,11.6306
4260,TOI-270 c,TOI-270,1,3,Transit,2019,Transiting Exoplanet Survey Satellite (TESS),5.6605731,0.04526,6.15,0.027,M,3506.0,0.38,0.39,-0.2,[Fe/H],4.87,22.4793,11.6306
4261,TOI-270 d,TOI-270,1,3,Transit,2019,Transiting Exoplanet Survey Satellite (TESS),11.379573,0.0721,4.78,0.032,M,3506.0,0.38,0.39,-0.2,[Fe/H],4.87,22.4793,11.6306
4263,TOI-421 b,TOI-421,2,2,Transit,2020,Transiting Exoplanet Survey Satellite (TESS),5.19672,0.056,7.17,0.163,G9 V,5325.0,0.87,0.85,-0.02,[Fe/H],4.49,74.7969,9.77776
4264,TOI-421 c,TOI-421,2,2,Transit,2020,Transiting Exoplanet Survey Satellite (TESS),16.06819,0.1189,16.42,0.152,G9 V,5325.0,0.87,0.85,-0.02,[Fe/H],4.49,74.7969,9.77776
4271,TOI-481 b,TOI-481,1,1,Transit,2020,Transiting Exoplanet Survey Satellite (TESS),10.33111,0.097,486.2799,0.153,G,5735.0,1.66,1.14,0.26,[Fe/H],4.06,179.366,9.84659
4273,TOI-530 b,TOI-530,1,1,Transit,2021,Transiting Exoplanet Survey Satellite (TESS),6.387597,0.052,127.13136,0.0,M0.5 V,3659.0,0.54,0.53,0.376,[Fe/H],4.7,148.762,14.6439
4276,TOI-558 b,TOI-558,1,1,Transit,2021,Transiting Exoplanet Survey Satellite (TESS),14.574071,0.1291,1147.36055,0.298,F V,6466.0,1.5,1.35,-0.004,[Fe/H],4.22,402.63,11.3253
4277,TOI-559 b,TOI-559,1,1,Transit,2021,Transiting Exoplanet Survey Satellite (TESS),6.9839095,0.0723,1910.14873,0.151,G V,5925.0,1.23,1.03,-0.069,[Fe/H],4.27,233.266,10.9777
4278,TOI-561 b,TOI-561,1,5,Transit,2020,Transiting Exoplanet Survey Satellite (TESS),0.446578,0.01055,1.59,0.0,G9 V,5455.0,0.85,0.79,-0.33,[Fe/H],4.47,85.799,10.0128
4279,TOI-561 c,TOI-561,1,5,Transit,2020,Transiting Exoplanet Survey Satellite (TESS),10.779,0.08809,5.4,0.06,G9 V,5455.0,0.85,0.79,-0.33,[Fe/H],4.47,85.799,10.0128
4280,TOI-561 d,TOI-561,1,5,Transit,2020,Transiting Exoplanet Survey Satellite (TESS),25.62,0.1569,11.95,0.051,G9 V,5455.0,0.85,0.79,-0.33,[Fe/H],4.47,85.799,10.0128
4281,TOI-561 e,TOI-561,1,5,Transit,2020,Transiting Exoplanet Survey Satellite (TESS),77.23,0.3274,16.0,0.061,G9 V,5455.0,0.85,0.79,-0.33,[Fe/H],4.47,85.799,10.0128
4286,TOI-674 b,TOI-674,1,1,Transit,2021,Transiting Exoplanet Survey Satellite (TESS),1.977143,0.025,23.6,0.0,M2 V,3514.0,0.42,0.42,0.17,[Fe/H],4.81,46.0851,13.0914
4287,TOI-677 b,TOI-677,1,1,Transit,2020,Transiting Exoplanet Survey Satellite (TESS),11.2366,0.1038,392.83788,0.435,F8,6295.0,1.28,1.18,0.0,[Fe/H],4.29,141.812,9.66082
4291,TOI-763 b,TOI-763,1,2,Transit,2020,Transiting Exoplanet Survey Satellite (TESS),5.6057,0.06,9.79,0.04,G,5450.0,0.9,0.92,0.01,[Fe/H],4.45,95.1274,9.99915
4292,TOI-763 c,TOI-763,1,2,Transit,2020,Transiting Exoplanet Survey Satellite (TESS),12.2737,0.1011,9.32,0.04,G,5450.0,0.9,0.92,0.01,[Fe/H],4.45,95.1274,9.99915
4293,TOI-776 b,TOI-776,1,2,Transit,2020,Transiting Exoplanet Survey Satellite (TESS),8.24661,0.0652,4.0,0.06,M1 V,3709.0,0.54,0.54,-0.2,[Fe/H],4.73,27.1701,10.7409
4294,TOI-776 c,TOI-776,1,2,Transit,2020,Transiting Exoplanet Survey Satellite (TESS),15.6653,0.1,5.3,0.04,M1 V,3709.0,0.54,0.54,-0.2,[Fe/H],4.73,27.1701,10.7409
4298,TOI-849 b,TOI-849,1,1,Transit,2020,Transiting Exoplanet Survey Satellite (TESS),0.76552414,0.01598,39.09,0.0,G,5373.8,0.92,0.93,0.19,[Fe/H],4.48,225.734,12.0645
4299,TOI-892 b,TOI-892,1,1,Transit,2020,Transiting Exoplanet Survey Satellite (TESS),10.62656,0.092,301.9385,0.125,F,6261.0,1.39,1.28,0.24,[Fe/H],4.26,340.543,11.3435
4344,WASP-104 b,WASP-104,2,1,Transit,2014,SuperWASP,1.7554137,0.02918,404.263,0.0,G8,5475.0,0.96,1.08,0.32,[Fe/H],4.5,185.932,11.5931
4345,WASP-105 b,WASP-105,1,1,Transit,2017,SuperWASP-South,7.87288,0.075,572.094,0.0,K2,5070.0,0.9,0.89,0.28,[Fe/H],4.2,169.272,11.8445
4351,WASP-113 b,WASP-113,1,1,Transit,2016,SuperWASP-North,4.54216875,0.05885,150.96925,0.0,G1,5890.0,1.61,1.32,0.1,[Fe/H],4.2,435.156,11.6041
4352,WASP-114 b,WASP-114,2,1,Transit,2016,SuperWASP-North,1.5487743,0.02851,562.24127,0.012,G0,5940.0,1.43,1.29,0.14,[Fe/H],4.3,523.337,12.5227
4354,WASP-118 b,WASP-118,1,1,Transit,2016,SuperWASP,4.0460435,0.05453,163.36462,0.0,F6,6410.0,1.7,1.32,0.16,[Fe/H],4.1,376.658,10.9196
4355,WASP-119 b,WASP-119,1,1,Transit,2016,SuperWASP-South,2.49979,0.0363,390.9309,0.058,G5,5650.0,1.2,1.02,0.14,[Fe/H],4.26,302.448,12.1014
4357,WASP-120 b,WASP-120,1,1,Transit,2016,SuperWASP,3.6112706,0.0514,1541.4755,0.057,F5,6450.0,1.87,1.39,-0.05,[Fe/H],4.04,381.174,10.8989
4358,WASP-121 b,WASP-121,1,1,Transit,2016,SuperWASP,1.2749255,0.02544,375.99289,0.0,F6 V,6459.0,1.46,1.35,0.13,[Fe/H],4.24,269.898,10.3746
4359,WASP-123 b,WASP-123,2,1,Transit,2016,SuperWASP,2.9776412,0.04263,285.72917,0.0,G5,5740.0,1.28,1.17,0.18,[Fe/H],4.29,197.996,10.8999
4360,WASP-124 b,WASP-124,1,1,Transit,2016,SuperWASP-South,3.37265,0.0449,190.698,0.017,F9,6050.0,1.02,1.07,-0.02,[Fe/H],4.44,448.637,12.5754
4364,WASP-129 b,WASP-129,2,1,Transit,2016,SuperWASP-South,5.748145,0.0628,317.83,0.096,G1,5900.0,0.9,1.0,0.15,[Fe/H],4.53,301.462,11.8127
4366,WASP-130 b,WASP-130,1,1,Transit,2016,SuperWASP-South,11.55098,0.1012,390.9309,0.0,G6,5625.0,0.96,1.04,0.26,[Fe/H],4.49,172.256,10.9717
4367,WASP-131 b,WASP-131,1,1,Transit,2016,SuperWASP-South,5.322023,0.0607,85.8141,0.0,G0,6030.0,1.53,1.06,-0.18,[Fe/H],4.09,200.075,9.86708
4368,WASP-132 b,WASP-132,1,1,Transit,2016,SuperWASP-South,7.133521,0.067,130.3103,0.0,K4,4775.0,0.74,0.8,0.22,[Fe/H],4.61,122.91,11.7538
4369,WASP-133 b,WASP-133,1,1,Transit,2016,SuperWASP-South,2.176423,0.0345,368.6828,0.17,G4,5700.0,1.44,1.16,0.29,[Fe/H],4.18,559.084,12.7146
4370,WASP-135 b,WASP-135,1,1,Transit,2015,SuperWASP,1.4013794,0.0243,603.877,0.0,G5 V,5675.0,0.96,0.98,0.02,[Fe/H],4.47,298.214,13.0045
4373,WASP-139 b,WASP-139,2,1,Transit,2016,SuperWASP-South,5.924262,0.062,37.18611,0.0,K0,5310.0,0.8,0.92,0.2,[Fe/H],4.59,212.472,12.2715
4375,WASP-140 b,WASP-140,2,1,Transit,2016,SuperWASP-South,2.2359835,0.0323,775.5052,0.047,K0,5260.0,0.87,0.9,0.12,[Fe/H],4.51,117.598,10.8202
4376,WASP-141 b,WASP-141,1,1,Transit,2016,SuperWASP-South,3.310651,0.0469,854.9627,0.0,F9,5900.0,1.37,1.25,0.29,[Fe/H],4.26,516.543,12.4822
4377,WASP-142 b,WASP-142,1,1,Transit,2016,SuperWASP-South,2.052868,0.0347,266.9772,0.0,F8,6010.0,1.64,1.33,0.26,[Fe/H],4.13,730.933,12.7568
4381,WASP-148 b,WASP-148,1,2,Transit,2020,SuperWASP-North,8.80381,0.0845,92.48853,0.22,G,5460.0,1.03,1.0,0.11,[Fe/H],4.4,246.353,12.0845
4382,WASP-148 c,WASP-148,1,2,Radial Velocity,2020,Haute-Provence Observatory,34.516,0.2101,127.132,0.359,G,5460.0,1.03,1.0,0.11,[Fe/H],4.4,246.353,12.0845
4384,WASP-150 b,WASP-150,1,1,Transit,2020,SuperWASP-North,5.644207,0.0694,2688.8418,0.3775,F8,6218.0,1.65,1.39,0.156,[Fe/H],4.15,527.995,11.9151
4385,WASP-151 b,WASP-151,1,1,Transit,2017,SuperWASP-South,4.533471,0.055,98.5273,0.003,G1,5871.0,1.14,1.08,0.1,[Fe/H],4.35,453.099,12.6278
4386,WASP-153 b,WASP-153,1,1,Transit,2017,SuperWASP,3.332609,0.048,123.9537,0.009,G0,5914.0,1.73,1.34,0.34,[Fe/H],4.1,610.176,12.4967
4387,WASP-156 b,WASP-156,1,1,Transit,2017,SuperWASP,3.836169,0.0453,40.68224,0.007,K3,4910.0,0.76,0.84,0.24,[Fe/H],4.6,122.066,11.3227
4398,WASP-166 b,WASP-166,1,1,Transit,2019,WASP-South,5.44354,0.0641,32.10083,0.0,F9 V,6050.0,1.22,1.19,0.19,[Fe/H],4.34,114.173,9.257
4401,WASP-169 b,WASP-169,1,1,Transit,2019,WASP-South,5.6114118,0.0681,178.30263,0.0,F8,6110.0,2.01,1.34,0.06,[Fe/H],3.96,627.066,11.7206
4404,WASP-171 b,WASP-171,1,1,Transit,2019,WASP-South,3.8186244,0.0504,344.52772,0.0,G0,5965.0,1.64,1.17,0.04,[Fe/H],4.08,757.84,12.4407
4408,WASP-175 b,WASP-175,1,1,Transit,2019,WASP-South,3.0652907,0.04403,314.6517,0.0,F7,6229.0,1.2,1.21,0.15,[Fe/H],4.36,539.36,12.7065
4409,WASP-176 b,WASP-176,1,1,Transit,2020,SuperWASP-North,3.899052,0.0535,271.74465,0.0,F9,5941.0,1.93,1.34,0.164,[Fe/H],4.0,568.42,11.9392
4411,WASP-178 b,WASP-178,1,1,Transit,2019,WASP-South,3.3448285,0.0558,527.5978,0.0,A1 IV-V,9360.0,1.67,2.07,0.21,[Fe/H],4.31,427.678,9.91226
4414,WASP-180 A b,WASP-180 A,2,1,Transit,2019,SuperWASP,3.409264,0.048,286.047,0.0,F7 V,6600.0,1.19,1.3,0.1,[Fe/H],4.42,253.985,10.9134
4416,WASP-182 b,WASP-182,1,1,Transit,2019,WASP-South,3.3769848,0.0451,47.03884,0.0,G5,5638.0,1.34,1.08,0.27,[Fe/H],4.22,327.602,11.917
4418,WASP-184 b,WASP-184,1,1,Transit,2019,WASP-South,5.1817,0.0627,181.1631,0.0,G0 V,6000.0,1.65,1.23,0.12,[Fe/H],4.09,663.231,12.5673
4419,WASP-185 b,WASP-185,1,1,Transit,2019,WASP-South,9.38755,0.0904,311.4734,0.24,G0 V,5900.0,1.5,1.12,-0.02,[Fe/H],4.13,279.35,10.8949
4420,WASP-186 b,WASP-186,1,1,Transit,2020,SuperWASP,5.026799,0.06,1341.2426,0.33,F,6361.0,1.47,1.22,-0.08,[Fe/H],4.19,278.514,10.6509
4421,WASP-187 b,WASP-187,1,1,Transit,2020,SuperWASP,5.147878,0.0653,254.264,0.0,F,6150.0,2.83,1.54,0.0,[Fe/H],3.72,371.414,10.1318
4423,WASP-190 b,WASP-190,1,1,Transit,2019,WASP-South,5.367753,0.0663,317.83,0.0,F6 IV-V,6400.0,1.6,1.35,-0.02,[Fe/H],4.17,542.251,11.6333
4424,WASP-192 b,WASP-192,1,1,Transit,2019,WASP-South,2.8786765,0.0408,731.009,0.0,G0 V,5910.0,1.32,1.09,0.14,[Fe/H],4.24,508.885,12.5347
4426,WASP-20 b,WASP-20,2,1,Transit,2015,SuperWASP,4.8996284,0.06,98.841,0.0,F9,5940.0,1.39,1.2,-0.008,[Fe/H],4.23,211.877,10.6503
4433,WASP-28 b,WASP-28,1,1,Transit,2014,SuperWASP,3.40883,0.04469,288.26,0.0,F8,6150.0,1.09,1.02,-0.29,[Fe/H],4.37,348.494,12.0286
4461,WASP-52 b,WASP-52,1,1,Transit,2012,SuperWASP,1.7497798,0.0272,146.2,0.0,K2 V,5000.0,0.79,0.87,0.03,[Fe/H],4.58,174.818,11.9537
4469,WASP-59 b,WASP-59,1,1,Transit,2012,SuperWASP,7.919585,0.0697,274.276,0.1,K5 V,4650.0,0.61,0.72,-0.15,[Fe/H],4.72,115.936,12.3142
4475,WASP-64 b,WASP-64,2,1,Transit,2012,SuperWASP,1.5732918,0.02648,403.945,0.0,G7,5400.0,1.06,1.0,-0.08,[Fe/H],4.39,369.926,12.5257
4476,WASP-65 b,WASP-65,1,1,Transit,2013,SuperWASP,2.3114243,0.0334,492.62,0.0,G6,5600.0,1.01,0.93,-0.07,[Fe/H],4.4,273.703,11.7509
4482,WASP-70 A b,WASP-70 A,2,1,Transit,2014,SuperWASP,3.7130203,0.04853,187.512,0.0,G4,5763.0,1.22,1.11,-0.006,[Fe/H],4.31,222.355,11.0323
4487,WASP-75 b,WASP-75,2,1,Transit,2013,SuperWASP,2.484193,0.0375,340.06,0.0,F9,6100.0,1.26,1.14,0.07,[Fe/H],4.29,294.001,11.3347
4488,WASP-76 b,WASP-76,2,1,Transit,2016,SuperWASP,1.809886,0.033,292.4036,0.0,F7,6250.0,1.73,1.46,0.23,[Fe/H],4.13,194.459,9.39507
4497,WASP-83 b,WASP-83,1,1,Transit,2015,SuperWASP,4.971252,0.059,95.349,0.0,G8,5510.0,1.05,1.11,0.29,[Fe/H],4.44,271.103,12.0084
4498,WASP-84 b,WASP-84,1,1,Transit,2014,SuperWASP,8.5234865,0.0771,220.565,0.0,K0,5314.0,0.75,0.84,0.0,[Fe/H],4.4,100.588,10.5745
4502,WASP-89 b,WASP-89,1,1,Transit,2015,SuperWASP,3.3564227,0.0427,1875.197,0.193,K3,5130.0,0.88,0.92,0.15,[Fe/H],4.51,290.946,12.989
4503,WASP-90 b,WASP-90,1,1,Transit,2016,SuperWASP,3.916243,0.0562,200.2329,0.0,F6,6430.0,1.98,1.55,0.11,[Fe/H],4.03,466.433,11.4559
4504,WASP-91 b,WASP-91,1,1,Transit,2017,SuperWASP-South,2.798581,0.037,425.8922,0.0,K3,4920.0,0.86,0.84,0.19,[Fe/H],4.3,149.942,11.6236
4505,WASP-92 b,WASP-92,1,1,Transit,2016,SuperWASP,2.1746742,0.0348,255.85315,0.0,F7,6280.0,1.34,1.19,0.0,[Fe/H],4.26,575.889,12.8183
4506,WASP-93 b,WASP-93,1,1,Transit,2016,SuperWASP,2.7325321,0.04211,467.2101,0.0,F4,6700.0,1.52,1.33,0.07,[Fe/H],4.2,370.284,10.978
4508,WASP-94 B b,WASP-94 B,2,2,Radial Velocity,2014,SuperWASP,2.00839,0.0335,196.411,0.0,F9,6040.0,1.35,1.24,0.23,[Fe/H],4.26,208.696,10.4055
4510,WASP-96 b,WASP-96,1,1,Transit,2014,SuperWASP,3.4252602,0.0453,152.55,0.0,G8,5540.0,1.05,1.06,0.14,[Fe/H],4.42,352.464,12.3833
4517,WTS-1 b,WTS-1,1,1,Transit,2012,United Kingdom Infrared Telescope,3.352057,0.047,1274.44,0.1,F6 V,6250.0,1.15,1.2,-0.5,[Fe/H],4.4,2346.01,16.4299
4532,XO-6 b,XO-6,1,1,Transit,2016,XO,3.7650007,0.0815,1398.452,0.0,F5,6720.0,1.93,1.47,-0.07,[Fe/H],4.04,235.479,10.191
4533,XO-7 b,XO-7,1,1,Transit,2019,XO,2.8641424,0.04421,225.34147,0.038,G0 V,6250.0,1.48,1.41,0.432,[Fe/H],4.25,234.149,10.4575
4540,bet Cnc b,bet Cnc,2,1,Radial Velocity,2014,Bohyunsan Optical Astronomical Observatory,605.2,1.7,2479.0,0.08,K4 III,4092.1,47.2,1.7,-0.29,[Fe/H],1.4,89.0472,3.04628
4544,eps CrB b,eps CrB,1,1,Radial Velocity,2012,Bohyunsan Optical Astronomical Observatory,417.9,1.3,2129.461,0.11,K2 III,4406.0,21.0,1.7,-0.094,[Fe/H],1.94,69.8683,3.75773
4550,gam Lib b,gam Lib,1,2,Radial Velocity,2018,Okayama Astrophysical Observatory,415.2,1.24,324.1866,0.21,K0 III,4822.0,11.1,1.47,-0.3,[Fe/H],2.47,47.4017,3.64937
4551,gam Lib c,gam Lib,1,2,Radial Velocity,2018,Okayama Astrophysical Observatory,964.6,2.17,1455.6614,0.057,K0 III,4822.0,11.1,1.47,-0.3,[Fe/H],2.47,47.4017,3.64937
4555,mu Leo b,mu Leo,1,1,Radial Velocity,2014,Bohyunsan Optical Astronomical Observatory,357.8,1.1,762.8,0.09,K2 III,4538.2,11.4,1.5,0.36,[Fe/H],2.4,32.6081,3.52769
4556,nu Oph b,nu Oph,1,2,Radial Velocity,2012,Okayama Astrophysical Observatory,530.21,1.79,7057.73298,0.124,K0 III,4886.0,14.6,2.7,0.06,[Fe/H],2.56,46.2107,3.09653
4557,nu Oph c,nu Oph,1,2,Radial Velocity,2012,Okayama Astrophysical Observatory,3184.83,5.931,7838.32346,0.18,K0 III,4886.0,14.6,2.7,0.06,[Fe/H],2.56,46.2107,3.09653
4558,ome Ser b,ome Ser,2,1,Radial Velocity,2013,Okayama Astrophysical Observatory,277.02,1.1,540.3,0.106,G8 III,4770.0,12.3,2.17,-0.24,[Fe/H],2.32,76.7556,4.92833
4561,pi Men c,HD 39091,1,2,Transit,2018,Transiting Exoplanet Survey Satellite (TESS),6.2679,0.06839,4.82,0.0,G0 V,6037.0,1.1,1.09,0.08,[Fe/H],4.42,18.2702,5.5128
4563,rho CrB b,rho CrB,1,2,Radial Velocity,1997,Fred Lawrence Whipple Observatory,39.8458,0.2196,332.1,0.0373,G0 V,5627.0,1.36,0.89,-0.31,[Fe/H],4.12,17.4671,5.24167
4564,rho CrB c,rho CrB,1,2,Radial Velocity,2016,Multiple Observatories,102.54,0.4123,25.0,0.052,G0 V,5627.0,1.36,0.89,-0.31,[Fe/H],4.12,17.4671,5.24167
4570,tau Gem b,tau Gem,1,1,Radial Velocity,2013,Lick Observatory,305.5,1.17,6547.0,0.031,K2 III,4388.0,26.8,2.3,0.14,[Fe/H],1.96,112.537,4.03996
